2447031.500000	13.200000			Vis.	GML						No		G				S ORI		STD		
2447039.900000	13.000000			Vis.	HK						No		G				S ORI		STD		
2447042.000000	13.000000			Vis.	WMI						No		G				S ORI		STD		
2447062.000000	13.200000			Vis.	HK						No		G				S ORI		STD		
2447081.500000	13.000000			Vis.	GMF						No		G				S ORI		STD		
2447085.800000	12.400000			Vis.	IML						No		G				S ORI		STD		
2447092.400000	12.500000			Vis.	ZLT						No		G				S ORI		STD		
2447092.800000	12.400000			Vis.	RJI						No		G				S ORI		STD		
2447095.500000	13.300000			Vis.	PLI						No		G				S ORI		STD		
2447099.800000	11.900000			Vis.	GOP						No		G				S ORI		STD		
2447099.800000	11.700000			Vis.	JOG						No		G				S ORI		STD		
2447106.800000	11.500000			Vis.	DEA						No		G				S ORI		STD		
2447111.600000	11.500000			Vis.	KHL						No		G				S ORI		STD		
2447113.600000	11.500000			Vis.	MOR						No		G				S ORI		STD		
2447114.700000	12.100000			Vis.	SET						No		G				S ORI		STD		
2447115.400000	11.100000			Vis.	MZS						No		G				S ORI		STD		
2447119.700000	11.200000			Vis.	PLI						No		G				S ORI		STD		
2447120.700000	10.800000			Vis.	AMO						No		G				S ORI		STD		
2447120.700000	11.400000			Vis.	HMR						No		G				S ORI		STD		
2447131.700000	10.000000			Vis.	BNS						No		G				S ORI		STD		
2447140.600000	10.800000			Vis.	MOR						No		G				S ORI		STD		
2447143.700000	10.000000			Vis.	BNS						No		G				S ORI		STD		
2447143.800000	10.200000			Vis.	RR						No		G				S ORI		STD		
2447145.700000	10.500000			Vis.	AKT						No		G				S ORI		STD		
2447148.700000	10.500000			Vis.	HMR						No		G				S ORI		STD		
2447151.600000	10.600000			Vis.	LKB						No		G				S ORI		STD		
2447151.600000	10.900000			Vis.	LZT						No		G				S ORI		STD		
2447152.400000	10.400000			Vis.	MZS						No		G				S ORI		STD		
2447152.600000	10.000000			Vis.	BNS						No		G				S ORI		STD		
2447152.600000	10.400000			Vis.	KRS						No		G				S ORI		STD		
2447153.800000	10.200000			Vis.	RR						No		G				S ORI		STD		
2447155.400000	10.600000			Vis.	KRU						No		G				S ORI		STD		
2447156.600000	11.200000			Vis.	IML						No		G				S ORI		STD		
2447158.700000	9.900000			Vis.	BNS						No		G				S ORI		STD		
2447159.866000	10.200000			Vis.	PED						No		G				S ORI		STD		
2447162.600000	10.400000			Vis.	MOR						No		G				S ORI		STD		
2447162.700000	10.400000			Vis.	JOG						No		G				S ORI		STD		
2447163.600000	10.900000			Vis.	IML						No		G				S ORI		STD		
2447166.600000	10.900000			Vis.	LKD						No		G				S ORI		STD		
2447168.400000	10.600000			Vis.	PLI						No		G				S ORI		STD		
2447169.600000	10.400000			Vis.	WC						No		G				S ORI		STD		
2447169.920000	10.400000			Vis.	IFJ	K	NA		NA		No		P				S ORI		STD		
2447171.500000	10.300000			Vis.	JOG						No		G				S ORI		STD		
2447171.600000	10.200000			Vis.	BNS						No		G				S ORI		STD		
2447172.400000	10.100000			Vis.	VED						No		G				S ORI		STD		
2447173.300000	11.000000			Vis.	CMG						No		G				S ORI		STD		
2447173.400000	10.600000			Vis.	SEZ						No		G				S ORI		STD		
2447173.600000	10.200000			Vis.	HMR						No		G				S ORI		STD		
2447173.600000	11.000000			Vis.	SET						No		G				S ORI		STD		
2447174.500000	10.300000			Vis.	AKT						No		G				S ORI		STD		
2447174.600000	11.100000			Vis.	LKD						No		G				S ORI		STD		
2447175.300000	10.400000			Vis.	KRU						No		G				S ORI		STD		
2447175.900000	10.400000			Vis.	HRI						No		G				S ORI		STD		
2447176.600000	10.700000			Vis.	RLR						No		G				S ORI		STD		
2447177.600000	10.100000			Vis.	BNS						No		G				S ORI		STD		
2447177.600000	10.700000			Vis.	RJI						No		G				S ORI		STD		
2447178.400000	10.300000			Vis.	BIC						No		G				S ORI		STD		
2447183.300000	11.200000			Vis.	EL						No		G				S ORI		STD		
2447183.400000	10.000000			Vis.	BIC						No		G				S ORI		STD		
2447183.700000	10.100000			Vis.	LKB						No		G				S ORI		STD		
2447183.800000	11.300000			Vis.	MTT						No		G				S ORI		STD		
2447184.400000	10.900000			Vis.	CMG						No		G				S ORI		STD		
2447185.800000	10.300000			Vis.	RR						No		G				S ORI		STD		
2447187.300000	10.800000			Vis.	VED						No		G				S ORI		STD		
2447187.400000	10.600000			Vis.	BOZ						No		G				S ORI		STD		
2447188.700000	9.900000			Vis.	HMR						No		G				S ORI		STD		
2447189.300000	10.600000			Vis.	SEZ						No		G				S ORI		STD		
2447189.500000	10.200000			Vis.	BNS						No		G				S ORI		STD		
2447190.400000	9.900000			Vis.	BIC						No		G				S ORI		STD		
2447190.500000	10.400000			Vis.	JOG						No		G				S ORI		STD		
2447196.500000	10.500000			Vis.	IML						No		G				S ORI		STD		
2447198.600000	10.300000			Vis.	RR						No		G				S ORI		STD		
2447198.700000	10.000000			Vis.	HMR						No		G				S ORI		STD		
2447199.100000	10.000000			Vis.	GMF						No		G				S ORI		STD		
2447199.300000	10.200000			Vis.	BIC						No		G				S ORI		STD		
2447199.600000	10.800000			Vis.	TDM						No		G				S ORI		STD		
2447199.700000	10.900000			Vis.	WC						No		G				S ORI		STD		
2447200.300000	10.600000			Vis.	VED						No		G				S ORI		STD		
2447200.680000	11.000000			Vis.	PED						No		G				S ORI		STD		
2447201.000000	10.200000			Vis.	CR						No		G				S ORI		STD		
2447201.300000	10.900000			Vis.	CMG						No		G				S ORI		STD		
2447201.300000	10.400000			Vis.	EL						No		G				S ORI		STD		
2447201.400000	10.200000			Vis.	DYJ						No		G				S ORI		STD		
2447204.400000	10.100000			Vis.	BIC						No		G				S ORI		STD		
2447205.300000	10.800000			Vis.	SCZ						No		G				S ORI		STD		
2447205.600000	11.000000			Vis.	SHS						No		G				S ORI		STD		
2447206.300000	9.800000			Vis.	FFC						No		G				S ORI		STD		
2447206.400000	10.000000			Vis.	BIC						No		G				S ORI		STD		
2447206.800000	10.000000			Vis.	RR						No		G				S ORI		STD		
2447207.400000	10.400000			Vis.	REN						No		G				S ORI		STD		
2447208.400000	10.600000			Vis.	CMG						No		G				S ORI		STD		
2447208.500000	10.400000			Vis.	BBT						No		G				S ORI		STD		
2447208.500000	10.400000			Vis.	RLR						No		G				S ORI		STD		
2447208.600000	10.900000			Vis.	LKD						No		G				S ORI		STD		
2447208.600000	10.700000			Vis.	MBC						No		G				S ORI		STD		
2447208.600000	10.600000			Vis.	WC						No		G				S ORI		STD		
2447209.700000	10.500000			Vis.	HK						No		G				S ORI		STD		
2447210.300000	10.000000			Vis.	BIC						No		G				S ORI		STD		
2447210.400000	10.600000			Vis.	SEZ						No		G				S ORI		STD		
2447210.500000	10.500000			Vis.	MOR						No		G				S ORI		STD		
2447210.600000	10.300000			Vis.	MJ						No		G				S ORI		STD		
2447211.300000	10.400000			Vis.	PLI						No		G				S ORI		STD		
2447211.300000	9.900000			Vis.	VED						No		G				S ORI		STD		
2447211.500000	10.300000			Vis.	BNS						No		G				S ORI		STD		
2447212.300000	10.000000			Vis.	BIC						No		G				S ORI		STD		
2447212.300000	9.800000			Vis.	FFC						No		G				S ORI		STD		
2447212.300000	10.100000			Vis.	KOS						No		G				S ORI		STD		
2447212.300000	10.400000			Vis.	REN						No		G				S ORI		STD		
2447212.700000	9.900000			Vis.	HMR						No		G				S ORI		STD		
2447213.300000	10.200000			Vis.	DYJ						No		G				S ORI		STD		
2447213.300000	10.800000			Vis.	SCZ						No		G				S ORI		STD		
2447213.500000	10.000000			Vis.	LNZ						No		G				S ORI		STD		
2447214.400000	10.600000			Vis.	SEZ						No		G				S ORI		STD		
2447214.500000	10.500000			Vis.	JOG	C					No		G				S ORI		STD		
2447215.600000	9.600000			Vis.	WC						No		G				S ORI		STD		
2447216.400000	10.000000			Vis.	BIC						No		G				S ORI		STD		
2447221.500000	9.800000			Vis.	IML						No		G				S ORI		STD		
2447221.500000	10.000000			Vis.	RJI						No		G				S ORI		STD		
2447222.500000	10.000000			Vis.	JOG						No		G				S ORI		STD		
2447222.600000	9.500000			Vis.	MOR						No		G				S ORI		STD		
2447223.300000	9.300000			Vis.	BSR						No		G				S ORI		STD		
2447223.800000	9.200000			Vis.	RR						No		G				S ORI		STD		
2447224.300000	9.800000			Vis.	SEZ						No		G				S ORI		STD		
2447225.300000	9.600000			Vis.	BIC						No		G				S ORI		STD		
2447225.600000	9.800000			Vis.	KRS						No		G				S ORI		STD		
2447225.600000	9.500000			Vis.	WC						No		G				S ORI		STD		
2447226.500000	9.000000			Vis.	BBT						No		G				S ORI		STD		
2447226.600000	8.900000			Vis.	HE						No		G				S ORI		STD		
2447226.600000	9.400000			Vis.	MJ						No		G				S ORI		STD		
2447227.500000	9.000000			Vis.	DEA						No		G				S ORI		STD		
2447228.300000	9.300000			Vis.	VED						No		G				S ORI		STD		
2447228.600000	9.100000			Vis.	HMR						No		G				S ORI		STD		
2447229.500000	8.800000			Vis.	HE						No		G				S ORI		STD		
2447229.700000	9.400000			Vis.	HRI						No		G				S ORI		STD		
2447230.700000	9.000000			Vis.	RR						No		G				S ORI		STD		
2447231.600000	9.000000			Vis.	MJI						No		G				S ORI		STD		
2447231.669000	9.700000			Vis.	PED						No		G				S ORI		STD		
2447232.400000	9.400000			Vis.	BIC						No		G				S ORI		STD		
2447232.500000	9.000000			Vis.	BNS						No		G				S ORI		STD		
2447233.300000	8.800000			Vis.	THU						No		G				S ORI		STD		
2447233.910000	9.000000			Vis.	IFJ	K	NA		NA		No		P				S ORI		STD		
2447235.300000	9.500000			Vis.	SEZ						No		G				S ORI		STD		
2447237.600000	8.400000			Vis.	MJ						No		G				S ORI		STD		
2447238.300000	8.600000			Vis.	CMG						No		G				S ORI		STD		
2447238.300000	8.500000			Vis.	DYJ						No		G				S ORI		STD		
2447238.500000	8.800000			Vis.	BNS						No		G				S ORI		STD		
2447238.500000	8.500000			Vis.	LBB						No		G				S ORI		STD		
2447239.300000	8.100000			Vis.	KOS						No		G				S ORI		STD		
2447239.300000	8.600000			Vis.	THU						No		G				S ORI		STD		
2447239.400000	8.900000			Vis.	MZS						No		G				S ORI		STD		
2447241.500000	8.200000			Vis.	BBT						No		G				S ORI		STD		
2447242.600000	8.800000			Vis.	LKD						No		G				S ORI		STD		
2447242.600000	8.700000			Vis.	RJT						No		G				S ORI		STD		
2447243.000000	8.000000			Vis.	CR						No		G				S ORI		STD		
2447243.600000	7.800000			Vis.	JOG						No		G				S ORI		STD		
2447244.500000	8.300000			Vis.	HE						No		G				S ORI		STD		
2447244.600000	8.000000			Vis.	WC						No		G				S ORI		STD		
2447245.500000	8.000000			Vis.	BNS						No		G				S ORI		STD		
2447247.300000	8.200000			Vis.	THU						No		G				S ORI		STD		
2447247.400000	8.100000			Vis.	BIC						No		G				S ORI		STD		
2447247.600000	8.300000			Vis.	HK						No		G				S ORI		STD		
2447247.870000	8.300000			Vis.	IFJ	K	NA		NA		No		P				S ORI		STD		
2447248.300000	8.100000			Vis.	BIC						No		G				S ORI		STD		
2447248.400000	8.300000			Vis.	MZS						No		G				S ORI		STD		
2447248.600000	8.100000			Vis.	HMR						No		G				S ORI		STD		
2447248.650000	8.400000			Vis.	PED						No		G				S ORI		STD		
2447251.600000	7.800000			Vis.	WC						No		G				S ORI		STD		
2447254.300000	8.000000			Vis.	BIC						No		G				S ORI		STD		
2447256.870000	8.100000			Vis.	IFJ	K	NA		NA		No		P				S ORI		STD		
2447257.600000	8.000000			Vis.	HMR						No		G				S ORI		STD		
2447258.500000	8.300000			Vis.	KRS						No		G				S ORI		STD		
2447258.500000	7.800000			Vis.	MDE						No		G				S ORI		STD		
2447258.600000	7.900000			Vis.	WC						No		G				S ORI		STD		
2447260.500000	8.500000			Vis.	SHS						No		G				S ORI		STD		
2447262.300000	8.000000			Vis.	SIH						No		G				S ORI		STD		
2447262.400000	8.000000			Vis.	BIC						No		G				S ORI		STD		
2447264.900000	8.200000			Vis.	CR						No		G				S ORI		STD		
2447265.625000	8.300000			Vis.	PED						No		G				S ORI		STD		
2447266.300000	8.000000			Vis.	BIC						No		G				S ORI		STD		
2447270.830000	8.400000			Vis.	IFJ	K	NA		NA		No		P				S ORI		STD		
2447272.500000	8.000000			Vis.	MDE						No		G				S ORI		STD		
2447295.900000	9.200000			Vis.	CR						No		G				S ORI		STD		
2447394.900000	11.500000			Vis.	IML						No		G				S ORI		STD		
2447398.600000	11.400000			Vis.	EL						No		G				S ORI		STD		
2447417.600000	13.200000			Vis.	CMG						No		G				S ORI		STD		
2447418.900000	13.100000			Vis.	WMI						No		G				S ORI		STD		
2447423.700000	12.000000			Vis.	EL						No		G				S ORI		STD		
2447424.900000	12.900000			Vis.	HK						No		G				S ORI		STD		
2447425.000000	12.500000			Vis.	HMR						No		G				S ORI		STD		
2447442.800000	13.200000			Vis.	IML						No		G				S ORI		STD		
2447443.500000	11.700000			Vis.	MZS						No		G				S ORI		STD		
2447445.900000	13.200000			Vis.	HK						No		G				S ORI		STD		
2447486.800000	12.300000			Vis.	RR						No		G				S ORI		STD		
2447496.800000	12.700000			Vis.	RR						No		G				S ORI		STD		
2447497.700000	13.500000			Vis.	IML						No		G				S ORI		STD		
2447497.800000	13.100000			Vis.	PCJ						No		G				S ORI		STD		
2447500.900000	12.900000			Vis.	HK						No		G				S ORI		STD		
2447501.300000	13.100000			Vis.	CMG						No		G				S ORI		STD		
2447501.700000	13.500000			Vis.	SSP						No		G				S ORI		STD		
2447501.700000	13.100000			Vis.	WMI						No		G				S ORI		STD		
2447502.600000	13.400000			Vis.	MOR						No		G				S ORI		STD		
2447504.700000	13.200000			Vis.	WC						No		G				S ORI		STD		
2447507.700000	12.700000			Vis.	TDB						No		G				S ORI		STD		
2447512.600000	13.200000			Vis.	CMG						No		G				S ORI		STD		
2447517.800000	11.900000			Vis.	RR						No		G				S ORI		STD		
2447521.400000	11.800000			Vis.	MZS						No		G				S ORI		STD		
2447523.600000	13.000000			Vis.	SET						No		G				S ORI		STD		
2447525.800000	11.700000			Vis.	RR						No		G				S ORI		STD		
2447526.600000	12.900000			Vis.	WC						No		G				S ORI		STD		
2447526.800000	12.500000			Vis.	CGS						No		G				S ORI		STD		
2447527.300000	13.100000			Vis.	KOC						No		G				S ORI		STD		
2447528.300000	11.800000			Vis.	KOC						No		G				S ORI		STD		
2447532.989000	11.900000			Vis.	AB						No		G				S ORI		STD		
2447533.000000	12.400000			Vis.	GMF						No		G				S ORI		STD		
2447534.600000	12.800000			Vis.	IML						No		G				S ORI		STD		
2447535.400000	12.400000			Vis.	KHL						No		G				S ORI		STD		
2447537.500000	12.400000			Vis.	MOR						No		G				S ORI		STD		
2447537.700000	12.500000			Vis.	WC						No		G				S ORI		STD		
2447539.500000	11.600000			Vis.	MOI						No		G				S ORI		STD		
2447540.400000	11.900000			Vis.	DUP						No		G				S ORI		STD		
2447540.600000	11.700000			Vis.	JOG						No		G				S ORI		STD		
2447540.700000	12.500000			Vis.	CGS						No		G				S ORI		STD		
2447542.400000	12.300000			Vis.	BOZ						No		G				S ORI		STD		
2447542.400000	11.400000			Vis.	FFC						No		G				S ORI		STD		
2447549.500000	12.000000			Vis.	SHS						No		G				S ORI		STD		
2447549.731000	11.400000			Vis.	AB						No		G				S ORI		STD		
2447553.600000	11.900000			Vis.	SSP						No		G				S ORI		STD		
2447553.600000	11.700000			Vis.	WC						No		G				S ORI		STD		
2447553.700000	12.000000			Vis.	CGS						No		G				S ORI		STD		
2447553.700000	11.600000			Vis.	HK						No		G				S ORI		STD		
2447554.600000	11.000000			Vis.	MDE						No		G				S ORI		STD		
2447554.600000	11.900000			Vis.	SGP						No		G				S ORI		STD		
2447555.600000	11.100000			Vis.	JOG						No		G				S ORI		STD		
2447555.600000	12.500000			Vis.	SET						No		G				S ORI		STD		
2447556.400000	11.400000			Vis.	KHL						No		G				S ORI		STD		
2447558.300000	11.200000			Vis.	DYJ						No		G				S ORI		STD		
2447558.500000	12.000000			Vis.	CGS						No		G				S ORI		STD		
2447558.500000	12.000000			Vis.	IML						No		G				S ORI		STD		
2447558.838000	11.300000			Vis.	AB						No		G				S ORI		STD		
2447565.300000	11.700000			Vis.	MOI						No		G				S ORI		STD		
2447565.400000	11.400000			Vis.	CPH						No		G				S ORI		STD		
2447566.300000	11.600000			Vis.	BMU						No		G				S ORI		STD		
2447566.600000	10.800000			Vis.	LKD						No		G				S ORI		STD		
2447566.600000	11.300000			Vis.	MDE						No		G				S ORI		STD		
2447568.500000	10.900000			Vis.	WNB						No		G				S ORI		STD		
2447568.600000	11.200000			Vis.	WC						No		G				S ORI		STD		
2447569.600000	11.200000			Vis.	LBB						No		G				S ORI		STD		
2447570.600000	11.400000			Vis.	MOR						No		G				S ORI		STD		
2447571.400000	11.400000			Vis.	JRW						No		G				S ORI		STD		
2447573.300000	11.200000			Vis.	CMG						No		G				S ORI		STD		
2447574.500000	11.700000			Vis.	SHS						No		G				S ORI		STD		
2447575.500000	11.000000			Vis.	WC						No		G				S ORI		STD		
2447578.300000	11.200000			Vis.	CMG						No		G				S ORI		STD		
2447579.300000	11.200000			Vis.	BMU						No		G				S ORI		STD		
2447580.300000	11.300000			Vis.	KOS						No		G				S ORI		STD		
2447581.400000	11.400000			Vis.	CPH						No		G				S ORI		STD		
2447581.500000	11.200000			Vis.	TDB						No		G				S ORI		STD		
2447581.600000	10.300000			Vis.	LKD						No		G				S ORI		STD		
2447582.600000	11.500000			Vis.	WC						No		G				S ORI		STD		
2447582.770000	11.200000			Vis.	AB						No		G				S ORI		STD		
2447583.300000	11.000000			Vis.	JRW						No		G				S ORI		STD		
2447583.800000	10.300000			Vis.	RR						No		G				S ORI		STD		
2447587.200000	11.000000			Vis.	KRU						No		G				S ORI		STD		
2447588.300000	11.400000			Vis.	FFC						No		G				S ORI		STD		
2447589.400000	10.500000			Vis.	BIC						No		G				S ORI		STD		
2447590.300000	10.300000			Vis.	SIH						No		G				S ORI		STD		
2447591.300000	11.200000			Vis.	KOC						No		G				S ORI		STD		
2447592.300000	11.300000			Vis.	CMG						No		G				S ORI		STD		
2447592.300000	11.100000			Vis.	DUP						No		G				S ORI		STD		
2447592.300000	11.200000			Vis.	KOS						No		G				S ORI		STD		
2447592.400000	11.000000			Vis.	KHL						No		G				S ORI		STD		
2447592.600000	10.800000			Vis.	MJ						No		G				S ORI		STD		
2447593.300000	10.300000			Vis.	DYJ						No		G				S ORI		STD		
2447593.600000	11.500000			Vis.	IML						No		G				S ORI		STD		
2447593.700000	10.500000			Vis.	HRI						No		G				S ORI		STD		
2447593.700000	11.500000			Vis.	WC						No		G				S ORI		STD		
2447594.400000	11.200000			Vis.	CPH						No		G				S ORI		STD		
2447595.000000	10.200000			Vis.	CR						No		G				S ORI		STD		
2447595.500000	11.200000			Vis.	SHS						No		G				S ORI		STD		
2447595.600000	10.800000			Vis.	TDM						No		G				S ORI		STD		
2447596.300000	10.700000			Vis.	JRW						No		G				S ORI		STD		
2447596.400000	10.400000			Vis.	BIC						No		G				S ORI		STD		
2447596.600000	10.900000			Vis.	GOP						No		G				S ORI		STD		
2447596.600000	11.200000			Vis.	LKD						No		G				S ORI		STD		
2447597.400000	10.600000			Vis.	SIH						No		G				S ORI		STD		
2447597.600000	10.500000			Vis.	LBB						No		G				S ORI		STD		
2447599.300000	11.100000			Vis.	CMG						No		G				S ORI		STD		
2447601.600000	10.800000			Vis.	SSP						No		G				S ORI		STD		
2447601.600000	11.200000			Vis.	WC						No		G				S ORI		STD		
2447601.700000	10.000000			Vis.	RR						No		G				S ORI		STD		
2447602.600000	11.100000			Vis.	JR						No		G				S ORI		STD		
2447606.300000	11.100000			Vis.	CMG						No		G				S ORI		STD		
2447608.300000	10.300000			Vis.	SIH						No		G				S ORI		STD		
2447608.600000	10.200000			Vis.	WC						No		G				S ORI		STD		
2447610.300000	10.800000			Vis.	KOS						No		G				S ORI		STD		
2447611.300000	10.300000			Vis.	JRW						No		G				S ORI		STD		
2447611.400000	10.400000			Vis.	BIC						No		G				S ORI		STD		
2447611.600000	10.200000			Vis.	GDI						No		G				S ORI		STD		
2447612.300000	10.800000			Vis.	CMG						No		G				S ORI		STD		
2447612.300000	10.800000			Vis.	CSI						No		G				S ORI		STD		
2447612.300000	11.100000			Vis.	DUP						No		G				S ORI		STD		
2447612.300000	11.000000			Vis.	KOC						No		G				S ORI		STD		
2447612.400000	11.000000			Vis.	SHS						No		G				S ORI		STD		
2447613.300000	10.500000			Vis.	KHL						No		G				S ORI		STD		
2447613.600000	10.800000			Vis.	SET						No		G				S ORI		STD		
2447614.250000	10.400000			Vis.	STQ						No		G				S ORI		STD		
2447614.600000	10.200000			Vis.	HK						No		G				S ORI		STD		
2447614.749000	10.600000			Vis.	AB						No		G				S ORI		STD		
2447615.300000	10.300000			Vis.	BIC						No		G				S ORI		STD		
2447615.700000	9.800000			Vis.	RR						No		G				S ORI		STD		
2447618.300000	10.700000			Vis.	CMG						No		G				S ORI		STD		
2447619.300000	10.700000			Vis.	CMG						No		G				S ORI		STD		
2447619.766000	10.300000			Vis.	AB						No		G				S ORI		STD		
2447622.300000	10.500000			Vis.	KOC						No		G				S ORI		STD		
2447622.600000	10.100000			Vis.	WC						No		G				S ORI		STD		
2447623.700000	10.000000			Vis.	SSC						No		G				S ORI		STD		
2447624.300000	9.600000			Vis.	JRW						No		G				S ORI		STD		
2447626.400000	10.100000			Vis.	BIC						No		G				S ORI		STD		
2447628.300000	10.100000			Vis.	KOC						No		G				S ORI		STD		
2447629.600000	10.100000			Vis.	WC						No		G				S ORI		STD		
2447635.600000	10.200000			Vis.	SSP						No		G				S ORI		STD		
2447640.300000	9.200000			Vis.	JRW						No		G				S ORI		STD		
2447644.500000	9.600000			Vis.	SHS						No		G				S ORI		STD		
2447660.200000	8.600000			Vis.	JRW						No		G				S ORI		STD		
2447767.600000	10.800000			Vis.	CMG						No		G				S ORI		STD		
2447772.900000	10.700000			Vis.	SAH						No		G				S ORI		STD		
2447775.600000	10.700000			Vis.	CMG						No		G				S ORI		STD		
2447780.106000	10.600000			Vis.	AB						No		G				S ORI		STD		
2447782.130000	10.700000			Vis.	AB						No		G				S ORI		STD		
2447784.106000	10.800000			Vis.	AB						No		G				S ORI		STD		
2447796.600000	11.900000			Vis.	CEA						No		G				S ORI		STD		
2447797.093000	11.100000			Vis.	AB						No		G				S ORI		STD		
2447800.108000	11.200000			Vis.	AB						No		G				S ORI		STD		
2447803.600000	11.500000			Vis.	EL						No		G				S ORI		STD		
2447803.700000	11.400000			Vis.	CMG						No		G				S ORI		STD		
2447807.800000	11.600000			Vis.	CGS						No		G				S ORI		STD		
2447807.900000	11.400000			Vis.	SAH						No		G				S ORI		STD		
2447808.000000	11.000000			Vis.	HMR						No		G				S ORI		STD		
2447808.400000	11.900000			Vis.	GMF						No		G				S ORI		STD		
2447810.900000	11.500000			Vis.	SVN						No		G				S ORI		STD		
2447821.600000	12.400000			Vis.	CEA						No		G				S ORI		STD		
2447822.500000	12.000000			Vis.	KOS						No		G				S ORI		STD		
2447824.500000	12.100000			Vis.	CMG						No		G				S ORI		STD		
2447825.500000	11.800000			Vis.	MZS						No		G				S ORI		STD		
2447825.600000	11.800000			Vis.	DUP						No		G				S ORI		STD		
2447827.009000	11.500000			Vis.	AB						No		G				S ORI		STD		
2447827.600000	12.400000			Vis.	CEA						No		G				S ORI		STD		
2447827.800000	12.000000			Vis.	IML						No		G				S ORI		STD		
2447827.900000	12.000000			Vis.	HK						No		G				S ORI		STD		
2447828.042000	11.200000			Vis.	AB						No		G				S ORI		STD		
2447828.500000	11.600000			Vis.	KOS						No		G				S ORI		STD		
2447834.800000	11.400000			Vis.	PCJ						No		G				S ORI		STD		
2447836.500000	12.300000			Vis.	KOS						No		G				S ORI		STD		
2447838.048000	12.300000			Vis.	AB						No		G				S ORI		STD		
2447839.800000	12.700000			Vis.	SVN						No		G				S ORI		STD		
2447840.072000	11.600000			Vis.	AB						No		G				S ORI		STD		
2447841.470000	12.000000			Vis.	MGE						No		G				S ORI		STD		
2447842.800000	12.000000			Vis.	IML						No		G				S ORI		STD		
2447846.400000	11.800000			Vis.	JRW						No		P				S ORI		STD		
2447851.100000	11.900000			Vis.	MMM						No		G				S ORI		STD		
2447851.700000	11.800000			Vis.	KRS						No		G				S ORI		STD		
2447852.700000	11.800000			Vis.	SSP						No		G				S ORI		STD		
2447853.420000	12.400000			Vis.	BAX						No		G				S ORI		STD		
2447854.700000	11.500000			Vis.	PCJ						No		G				S ORI		STD		
2447856.900000	12.500000			Vis.	CGS						No		G				S ORI		STD		
2447857.700000	11.700000			Vis.	PCJ						No		G				S ORI		STD		
2447858.100000	12.600000			Vis.	MMM						No		G				S ORI		STD		
2447858.400000	12.400000			Vis.	DUP						No		G				S ORI		STD		
2447858.992000	11.900000			Vis.	AB						No		G				S ORI		STD		
2447859.700000	12.400000			Vis.	SAH						No		G				S ORI		STD		
2447860.400000	11.700000			Vis.	RJV						No		G				S ORI		STD		
2447860.500000	12.200000			Vis.	KOC						No		G				S ORI		STD		
2447860.500000	12.600000			Vis.	MZS						No		G				S ORI		STD		
2447862.400000	12.300000			Vis.	JRW						No		P				S ORI		STD		
2447863.100000	12.100000			Vis.	HIR						No		G				S ORI		STD		
2447863.700000	12.700000			Vis.	IML						No		G				S ORI		STD		
2447865.400000	11.600000			Vis.	RJV						No		G				S ORI		STD		
2447866.066000	12.700000			Vis.	AB						No		G				S ORI		STD		
2447866.100000	12.000000			Vis.	HIR						No		G				S ORI		STD		
2447870.700000	13.000000			Vis.	SVN						No		G				S ORI		STD		
2447874.700000	12.200000			Vis.	KRS						No		G				S ORI		STD		
2447877.300000	12.600000			Vis.	JRW						No		P				S ORI		STD		
2447877.600000	12.600000			Vis.	DEA						No		G				S ORI		STD		
2447878.700000	12.700000			Vis.	TDB						No		G				S ORI		STD		
2447880.000000	12.200000			Vis.	HIR						No		G				S ORI		STD		
2447886.878000	12.000000			Vis.	AB						No		G				S ORI		STD		
2447887.600000	12.900000			Vis.	SSP						No		G				S ORI		STD		
2447888.000000	12.000000			Vis.	HIR						No		G				S ORI		STD		
2447888.400000	11.700000			Vis.	RJV						No		G				S ORI		STD		
2447888.929000	12.000000			Vis.	AB						No		G				S ORI		STD		
2447889.000000	11.900000			Vis.	CR						No		G				S ORI		STD		
2447889.330000	12.600000			Vis.	BAX						No		G				S ORI		STD		
2447889.500000	12.700000			Vis.	TJV						No		G				S ORI		STD		
2447892.100000	12.400000			Vis.	HIR						No		G				S ORI		STD		
2447892.873000	12.600000			Vis.	AB						No		G				S ORI		STD		
2447893.500000	13.100000			Vis.	IML						No		G				S ORI		STD		
2447894.700000	12.500000			Vis.	WC						No		G				S ORI		STD		
2447895.000000	12.300000			Vis.	HIR						No		G				S ORI		STD		
2447895.060000	12.200000			Vis.	NKA						No		G				S ORI		STD		
2447895.300000	12.300000			Vis.	KHL						No		G				S ORI		STD		
2447895.500000	12.900000			Vis.	JRW						No		P				S ORI		STD		
2447896.500000	12.200000			Vis.	SHS						No		G				S ORI		STD		
2447896.600000	12.600000			Vis.	KRS						No		G				S ORI		STD		
2447897.400000	12.900000			Vis.	KOC						No		G				S ORI		STD		
2447897.500000	12.500000			Vis.	CEA						No		G				S ORI		STD		
2447898.019000	12.000000			Vis.	AB						No		G				S ORI		STD		
2447898.600000	12.000000			Vis.	DEA						No		G				S ORI		STD		
2447905.000000	12.100000			Vis.	HIR						No		G				S ORI		STD		
2447906.000000	11.800000			Vis.	TSJ						No		G				S ORI		STD		
2447906.070000	12.100000			Vis.	NKA						No		G				S ORI		STD		
2447907.700000	11.600000			Vis.	RR						No		G				S ORI		STD		
2447907.700000	12.700000			Vis.	WC						No		G				S ORI		STD		
2447908.400000	12.300000			Vis.	SEZ						No		G				S ORI		STD		
2447909.000000	11.800000			Vis.	TSJ						No		G				S ORI		STD		
2447910.300000	12.400000			Vis.	SCZ						No		G				S ORI		STD		
2447910.600000	12.600000			Vis.	SHS						No		G				S ORI		STD		
2447911.300000	12.900000			Vis.	JRW						No		P				S ORI		STD		
2447912.700000	12.200000			Vis.	SSP						No		G				S ORI		STD		
2447913.000000	12.100000			Vis.	HIR						No		G				S ORI		STD		
2447913.110000	12.000000			Vis.	NKA						No		G				S ORI		STD		
2447913.300000	11.400000			Vis.	RJV						No		G				S ORI		STD		
2447914.700000	12.700000			Vis.	WC						No		G				S ORI		STD		
2447915.100000	12.100000			Vis.	TSJ						No		G				S ORI		STD		
2447916.600000	11.900000			Vis.	RJI						No		G				S ORI		STD		
2447917.990000	11.900000			Vis.	NKA						No		G				S ORI		STD		
2447918.600000	12.400000			Vis.	MOR						No		G				S ORI		STD		
2447919.000000	11.800000			Vis.	TSJ						No		G				S ORI		STD		
2447919.600000	11.800000			Vis.	JOG						No		G				S ORI		STD		
2447920.380000	11.900000			Vis.	BMQ						No		G				S ORI		STD		
2447920.400000	11.200000			Vis.	RJV						No		G				S ORI		STD		
2447921.500000	11.800000			Vis.	DUP						No		G				S ORI		STD		
2447921.600000	12.300000			Vis.	SET						No		G				S ORI		STD		
2447921.600000	12.300000			Vis.	SVN						No		G				S ORI		STD		
2447921.773000	11.400000			Vis.	AB						No		G				S ORI		STD		
2447922.400000	11.500000			Vis.	SIH						No		G				S ORI		STD		
2447922.600000	12.300000			Vis.	SAH						No		G				S ORI		STD		
2447922.600000	11.900000			Vis.	WC						No		G				S ORI		STD		
2447923.500000	12.000000			Vis.	IML						No		G				S ORI		STD		
2447923.600000	11.500000			Vis.	LBB						No		G				S ORI		STD		
2447925.300000	12.700000			Vis.	JRW						No		P				S ORI		STD		
2447927.200000	11.600000			Vis.	FFC						No		G				S ORI		STD		
2447927.800000	11.000000			Vis.	RR						No		G				S ORI		STD		
2447927.910000	11.500000			Vis.	HIR						No		G				S ORI		STD		
2447931.600000	11.300000			Vis.	MOR						No		G				S ORI		STD		
2447932.400000	11.100000			Vis.	SIH						No		G				S ORI		STD		
2447932.600000	11.500000			Vis.	WC						No		G				S ORI		STD		
2447932.980000	11.200000			Vis.	HIR						No		G				S ORI		STD		
2447934.500000	11.500000			Vis.	SVN						No		G				S ORI		STD		
2447935.500000	10.800000			Vis.	JOG						No		G				S ORI		STD		
2447936.010000	11.700000			Vis.	YAM						No		G				S ORI		STD		
2447936.600000	11.400000			Vis.	MDE						No		G				S ORI		STD		
2447938.980000	10.700000			Vis.	HIR						No		G				S ORI		STD		
2447940.040000	11.700000			Vis.	YAM						No		G				S ORI		STD		
2447940.300000	10.900000			Vis.	SIH						No		G				S ORI		STD		
2447940.600000	11.200000			Vis.	WC						No		G				S ORI		STD		
2447942.400000	11.100000			Vis.	DUP						No		G				S ORI		STD		
2447942.500000	10.800000			Vis.	SET						No		G				S ORI		STD		
2447942.500000	11.100000			Vis.	SHS						No		G				S ORI		STD		
2447942.600000	11.400000			Vis.	LNZ						No		G				S ORI		STD		
2447943.300000	11.000000			Vis.	DYJ						No		G				S ORI		STD		
2447943.400000	10.800000			Vis.	TPS						No		G				S ORI		STD		
2447943.500000	10.800000			Vis.	BBT						No		G				S ORI		STD		
2447943.600000	10.700000			Vis.	BSF						No		G				S ORI		STD		
2447943.600000	11.000000			Vis.	LBB						No		G				S ORI		STD		
2447943.600000	11.100000			Vis.	MJW						No		G				S ORI		STD		
2447944.300000	11.400000			Vis.	POX						No		G				S ORI		STD		
2447946.300000	12.100000			Vis.	JRW						No		P				S ORI		STD		
2447946.300000	10.600000			Vis.	SEZ						No		G				S ORI		STD		
2447946.400000	10.800000			Vis.	CMG						No		G				S ORI		STD		
2447946.500000	10.900000			Vis.	SVN						No		G				S ORI		STD		
2447947.300000	10.600000			Vis.	SCZ						No		G				S ORI		STD		
2447947.400000	11.100000			Vis.	MZS						No		G				S ORI		STD		
2447947.400000	10.200000			Vis.	SIH						No		G				S ORI		STD		
2447948.600000	11.100000			Vis.	WC						No		G				S ORI		STD		
2447948.800000	10.600000			Vis.	HK						No		G				S ORI		STD		
2447949.600000	10.700000			Vis.	IML						No		G				S ORI		STD		
2447950.000000	10.200000			Vis.	CR						No		G				S ORI		STD		
2447950.600000	10.700000			Vis.	HLT						No		G				S ORI		STD		
2447951.500000	10.800000			Vis.	LVT						No		G				S ORI		STD		
2447951.600000	10.200000			Vis.	MJ						No		G				S ORI		STD		
2447952.300000	10.600000			Vis.	CEA						No		G				S ORI		STD		
2447952.500000	10.500000			Vis.	SHS						No		G				S ORI		STD		
2447952.600000	10.500000			Vis.	MOR						No		G				S ORI		STD		
2447952.600000	10.900000			Vis.	SAH						No		G				S ORI		STD		
2447954.388000	10.500000			Vis.	BAX						No		G				S ORI		STD		
2447954.600000	11.100000			Vis.	SVN						No		G				S ORI		STD		
2447955.300000	10.300000			Vis.	LST						No		G				S ORI		STD		
2447955.300000	10.100000			Vis.	SIH						No		G				S ORI		STD		
2447957.500000	9.800000			Vis.	MDE						No		G				S ORI		STD		
2447959.000000	10.300000			Vis.	NKA						No		G				S ORI		STD		
2447960.000000	10.400000			Vis.	YAM						No		G				S ORI		STD		
2447960.900000	10.000000			Vis.	CR						No		G				S ORI		STD		
2447963.300000	10.400000			Vis.	CMG						No		G				S ORI		STD		
2447963.300000	11.200000			Vis.	JRW						No		P				S ORI		STD		
2447963.600000	10.000000			Vis.	TDM						No		G				S ORI		STD		
2447963.600000	10.400000			Vis.	WC						No		G				S ORI		STD		
2447963.900000	9.400000			Vis.	HIR						No		G				S ORI		STD		
2447964.000000	10.400000			Vis.	NKA						No		G				S ORI		STD		
2447964.300000	9.200000			Vis.	DYJ						No		G				S ORI		STD		
2447965.233000	10.300000			Vis.	OER						No		G				S ORI		STD		
2447965.300000	9.600000			Vis.	SIH						No		G				S ORI		STD		
2447966.700000	9.200000			Vis.	RR						No		G				S ORI		STD		
2447967.300000	10.300000			Vis.	KOC						No		G				S ORI		STD		
2447967.300000	9.400000			Vis.	SEZ						No		G				S ORI		STD		
2447967.330000	10.000000			Vis.	MGE						No		G				S ORI		STD		
2447967.600000	10.500000			Vis.	HMR						No		G				S ORI		STD		
2447967.600000	9.300000			Vis.	SSP						No		G				S ORI		STD		
2447968.000000	10.300000			Vis.	YAM						No		G				S ORI		STD		
2447968.300000	10.100000			Vis.	POX						No		G				S ORI		STD		
2447968.400000	9.700000			Vis.	DUP						No		G				S ORI		STD		
2447969.500000	9.600000			Vis.	BBT						No		G				S ORI		STD		
2447970.000000	10.100000			Vis.	NKA						No		G				S ORI		STD		
2447971.500000	9.600000			Vis.	SHS						No		G				S ORI		STD		
2447972.600000	8.900000			Vis.	JOG						No		G				S ORI		STD		
2447973.300000	10.100000			Vis.	SIH						No		G				S ORI		STD		
2447974.500000	9.400000			Vis.	PCJ						No		G				S ORI		STD		
2447975.600000	9.700000			Vis.	WC						No		G				S ORI		STD		
2447976.100000	9.700000			Vis.	NKA						No		G				S ORI		STD		
2447976.500000	9.600000			Vis.	MDE						No		G				S ORI		STD		
2447977.300000	10.000000			Vis.	CMG						No		G				S ORI		STD		
2447978.500000	10.000000			Vis.	MJW						No		G				S ORI		STD		
2447978.749000	9.300000			Vis.	AB						No		G				S ORI		STD		
2447979.300000	10.300000			Vis.	JRW						No		P				S ORI		STD		
2447979.300000	9.900000			Vis.	KOC						No		G				S ORI		STD		
2447981.300000	9.400000			Vis.	SEZ						No		G				S ORI		STD		
2447982.300000	9.100000			Vis.	SIH						No		G				S ORI		STD		
2447984.000000	9.400000			Vis.	NKA						No		G				S ORI		STD		
2447984.300000	9.700000			Vis.	KOC						No		G				S ORI		STD		
2447986.229000	9.100000			Vis.	GBZ						No		G				S ORI		STD		
2447986.300000	9.700000			Vis.	KOC						No		G				S ORI		STD		
2447986.700000	8.500000			Vis.	RR						No		G				S ORI		STD		
2447989.500000	9.600000			Vis.	PLR						No		G				S ORI		STD		
2447992.300000	9.200000			Vis.	SIH						No		G				S ORI		STD		
2447993.900000	9.500000			Vis.	CR						No		G				S ORI		STD		
2447995.238000	9.300000			Vis.	GBZ						No		G				S ORI		STD		
2447996.300000	10.300000			Vis.	JRW						No		P				S ORI		STD		
2447997.000000	8.900000			Vis.	NKA						No		G				S ORI		STD		
2448000.500000	9.000000			Vis.	MDE						No		G				S ORI		STD		
2448000.500000	9.200000			Vis.	SHS						No		G				S ORI		STD		
2448004.225000	9.300000			Vis.	GBZ						No		G				S ORI		STD		
2448005.000000	9.000000			Vis.	NKA						No		G				S ORI		STD		
2448012.000000	8.900000			Vis.	NKA						No		G				S ORI		STD		
2448015.300000	9.600000			Vis.	JRW						No		P				S ORI		STD		
2448030.200000	9.200000			Vis.	JRW						No		P				S ORI		STD		
2448120.900000	8.200000			Vis.	HE						No		G				S ORI		STD		
2448133.000000	8.500000			Vis.	HK						No		G				S ORI		STD		
2448133.800000	8.300000			Vis.	HE						No		G				S ORI		STD		
2448135.111000	8.500000			Vis.	AB						No		G				S ORI		STD		
2448135.900000	9.000000			Vis.	SAH						No		G				S ORI		STD		
2448139.000000	8.400000			Vis.	RR						No		G				S ORI		STD		
2448147.575000	9.400000			Vis.	GBZ						No		G				S ORI		STD		
2448149.400000	8.600000			Vis.	BIO						No		G				S ORI		STD		
2448150.000000	9.200000			Vis.	HMR						No		G				S ORI		STD		
2448151.570000	8.800000			Vis.	FEO						No		G				S ORI		STD		
2448151.600000	9.700000			Vis.	CMG						No		G				S ORI		STD		
2448153.000000	9.200000			Vis.	HK						No		G				S ORI		STD		
2448153.555000	9.400000			Vis.	GBZ						No		G				S ORI		STD		
2448156.593000	9.500000			Vis.	GBZ						No		G				S ORI		STD		
2448158.600000	9.600000			Vis.	CSM						No		G				S ORI		STD		
2448158.900000	10.200000			Vis.	SVN						No		G				S ORI		STD		
2448159.900000	9.000000			Vis.	HE						No		G				S ORI		STD		
2448161.009000	9.500000			Vis.	AB						No		G				S ORI		STD		
2448163.200000	9.900000			Vis.	CR						No		G				S ORI		STD		
2448164.700000	9.100000			Vis.	BIO						No		G				S ORI		STD		
2448167.800000	9.700000			Vis.	IML						No		G				S ORI		STD		
2448172.600000	10.000000			Vis.	GBZ						No		G				S ORI		STD		
2448174.400000	11.900000			Vis.	JRW						No		P				S ORI		STD		
2448175.900000	10.400000			Vis.	SVN						No		G				S ORI		STD		
2448176.588000	10.000000			Vis.	GBZ						No		G				S ORI		STD		
2448178.200000	10.100000			Vis.	CR						No		G				S ORI		STD		
2448178.423000	10.100000			Vis.	GBZ						No		G				S ORI		STD		
2448178.600000	10.300000			Vis.	SHS						No		G				S ORI		STD		
2448179.079000	10.300000			Vis.	AB						No		G				S ORI		STD		
2448180.800000	9.500000			Vis.	HE						No		G				S ORI		STD		
2448181.000000	10.000000			Vis.	HMR						No		G				S ORI		STD		
2448181.583000	9.600000			Vis.	WET						No		G				S ORI		STD		
2448182.500000	10.400000			Vis.	KOS						No		G				S ORI		STD		
2448184.700000	10.100000			Vis.	EL						No		G				S ORI		STD		
2448184.700000	10.800000			Vis.	IML						No		G				S ORI		STD		
2448184.800000	10.000000			Vis.	LVT						No		G				S ORI		STD		
2448187.545000	10.100000			Vis.	GBZ						No		G				S ORI		STD		
2448189.000000	10.600000			Vis.	HK						No		G				S ORI		STD		
2448190.356000	10.300000			Vis.	GBZ						No		G				S ORI		STD		
2448191.076000	10.300000			Vis.	AB	K	na		na		No		P				S ORI		STD		
2448191.411000	10.400000			Vis.	GBZ						No		G				S ORI		STD		
2448191.700000	10.700000			Vis.	SET						No		G				S ORI		STD		
2448193.036000	10.600000			Vis.	AB						No		G				S ORI		STD		
2448194.800000	10.900000			Vis.	LVT						No		G				S ORI		STD		
2448196.000000	10.400000			Vis.	HK						No		G				S ORI		STD		
2448205.480000	11.100000			Vis.	MGE						No		G				S ORI		STD		
2448206.400000	10.000000			Vis.	JRW						No		P				S ORI		STD		
2448206.700000	11.200000			Vis.	IML						No		G				S ORI		STD		
2448206.800000	10.700000			Vis.	HK						No		G				S ORI		STD		
2448207.700000	10.600000			Vis.	HMR						No		G				S ORI		STD		
2448208.352000	10.600000			Vis.	GBZ						No		G				S ORI		STD		
2448209.800000	10.000000			Vis.	BSF						No		G				S ORI		STD		
2448211.700000	11.500000			Vis.	MJW						No		G				S ORI		STD		
2448213.500000	10.300000			Vis.	GMF						No		G				S ORI		STD		
2448213.800000	11.500000			Vis.	LVT						No		G				S ORI		STD		
2448213.800000	10.600000			Vis.	SWT						No		G				S ORI		STD		
2448218.800000	10.600000			Vis.	RR						No		G				S ORI		STD		
2448219.490000	11.800000			Vis.	MGE						No		G				S ORI		STD		
2448219.800000	11.500000			Vis.	LAR						No		G				S ORI		STD		
2448221.300000	11.800000			Vis.	JRW						No		P				S ORI		STD		
2448221.700000	11.600000			Vis.	SSP						No		G				S ORI		STD		
2448223.600000	11.000000			Vis.	JOG						No		G				S ORI		STD		
2448224.700000	12.000000			Vis.	EL						No		G				S ORI		STD		
2448226.600000	11.900000			Vis.	IML						No		G				S ORI		STD		
2448233.800000	11.500000			Vis.	RR						No		G				S ORI		STD		
2448234.700000	11.900000			Vis.	SHS						No		G				S ORI		STD		
2448234.800000	12.400000			Vis.	SVN						No		G				S ORI		STD		
2448235.700000	11.500000			Vis.	HMR						No		G				S ORI		STD		
2448235.700000	12.000000			Vis.	WC						No		G				S ORI		STD		
2448236.100000	11.800000			Vis.	HIR						No		G				S ORI		STD		
2448236.900000	11.700000			Vis.	HK						No		G				S ORI		STD		
2448237.700000	12.300000			Vis.	SAH						No		G				S ORI		STD		
2448238.100000	11.600000			Vis.	HIR						No		G				S ORI		STD		
2448241.600000	12.600000			Vis.	SET						No		G				S ORI		STD		
2448244.000000	12.300000			Vis.	CR						No		G				S ORI		STD		
2448245.300000	10.800000			Vis.	JRW						No		P				S ORI		STD		
2448245.600000	11.900000			Vis.	MJW						No		G				S ORI		STD		
2448245.700000	11.800000			Vis.	TDB						No		G				S ORI		STD		
2448246.500000	12.400000			Vis.	SHS						No		G				S ORI		STD		
2448257.500000	12.800000			Vis.	IML						No		G				S ORI		STD		
2448260.400000	11.800000			Vis.	JRW						No		P				S ORI		STD		
2448261.500000	13.000000			Vis.	SHS						No		G				S ORI		STD		
2448261.600000	13.400000			Vis.	MJW						No		G				S ORI		STD		
2448265.700000	12.800000			Vis.	WC						No		G				S ORI		STD		
2448266.818000	13.000000			Vis.	AB						No		G				S ORI		STD		
2448274.700000	13.200000			Vis.	WC						No		G				S ORI		STD		
2448274.814000	13.000000			Vis.	AB						No		G				S ORI		STD		
2448275.700000	13.000000			Vis.	HK						No		G				S ORI		STD		
2448275.700000	13.600000			Vis.	SSP						No		G				S ORI		STD		
2448276.804000	12.800000			Vis.	AB						No		G				S ORI		STD		
2448279.650000	13.300000			Vis.	YRK						No		G				S ORI		STD		
2448282.600000	13.400000			Vis.	SVN						No		G				S ORI		STD		
2448287.000000	13.600000			Vis.	CR						No		G				S ORI		STD		
2448290.500000	13.400000			Vis.	IML						No		G				S ORI		STD		
2448290.500000	13.400000			Vis.	WC						No		G				S ORI		STD		
2448290.700000	13.200000			Vis.	HK						No		G				S ORI		STD		
2448291.400000	12.000000			Vis.	JRW						No		P				S ORI		STD		
2448291.600000	13.700000			Vis.	MJW						No		G				S ORI		STD		
2448291.700000	13.800000			Vis.	AAP						No		G				S ORI		STD		
2448294.765000	13.300000			Vis.	AB						No		G				S ORI		STD		
2448295.600000	13.200000			Vis.	SVN						No		G				S ORI		STD		
2448296.000000	13.000000			Vis.	NAM						No		G				S ORI		STD		
2448297.600000	13.800000			Vis.	SET						No		G				S ORI		STD		
2448297.600000	13.500000			Vis.	WC						No		G				S ORI		STD		
2448297.700000	13.300000			Vis.	DEA						No		G				S ORI		STD		
2448299.100000	13.700000			Vis.	GMF						No		G				S ORI		STD		
2448299.200000	13.500000			Vis.	MKH						No		G				S ORI		STD		
2448300.000000	13.100000			Vis.	NAM						No		G				S ORI		STD		
2448300.100000	13.700000			Vis.	GMF						No		G				S ORI		STD		
2448303.000000	13.100000			Vis.	CR						No		G				S ORI		STD		
2448308.100000	13.400000			Vis.	NAM						No		G				S ORI		STD		
2448310.600000	13.000000			Vis.	WC						No		G				S ORI		STD		
2448314.000000	13.100000			Vis.	NAM						No		G				S ORI		STD		
2448314.300000	13.200000			Vis.	MRX						No		G				S ORI		STD		
2448317.300000	12.400000			Vis.	JRW						No		P				S ORI		STD		
2448319.600000	12.200000			Vis.	KRS						No		G				S ORI		STD		
2448319.600000	13.000000			Vis.	SVN						No		G				S ORI		STD		
2448319.600000	13.200000			Vis.	WC						No		G				S ORI		STD		
2448320.748000	12.500000			Vis.	AB						No		G				S ORI		STD		
2448321.500000	13.600000			Vis.	MJW						No		G				S ORI		STD		
2448323.766000	12.400000			Vis.	AB						No		G				S ORI		STD		
2448324.100000	12.600000			Vis.	MKH						No		G				S ORI		STD		
2448324.600000	13.200000			Vis.	BRJ						No		G				S ORI		STD		
2448326.700000	13.500000			Vis.	HRB						No		G				S ORI		STD		
2448330.300000	12.700000			Vis.	JRW						No		P				S ORI		STD		
2448330.600000	13.100000			Vis.	WC						No		G				S ORI		STD		
2448333.600000	12.700000			Vis.	SSA						No		G				S ORI		STD		
2448333.700000	13.300000			Vis.	AAP						No		G				S ORI		STD		
2448333.700000	13.400000			Vis.	HRB						No		G				S ORI		STD		
2448334.000000	13.200000			Vis.	CR						No		G				S ORI		STD		
2448334.100000	12.600000			Vis.	MKH						No		G				S ORI		STD		
2448335.100000	13.000000			Vis.	GMF						No		G				S ORI		STD		
2448337.600000	12.700000			Vis.	WC						No		G				S ORI		STD		
2448341.100000	12.900000			Vis.	GMF						No		G				S ORI		STD		
2448345.600000	11.500000			Vis.	RR						No		G				S ORI		STD		
2448345.600000	12.800000			Vis.	WC						No		G				S ORI		STD		
2448347.600000	12.800000			Vis.	SVN						No		G				S ORI		STD		
2448348.748000	11.900000			Vis.	AB						No		G				S ORI		STD		
2448349.300000	12.500000			Vis.	DUP						No		G				S ORI		STD		
2448350.300000	12.900000			Vis.	JRW						No		P				S ORI		STD		
2448351.753000	11.900000			Vis.	AB						No		G				S ORI		STD		
2448352.900000	12.700000			Vis.	CR						No		G				S ORI		STD		
2448353.260000	12.600000			Vis.	SHQ						No		G				S ORI		STD		
2448354.100000	12.600000			Vis.	MKH						No		G				S ORI		STD		
2448363.200000	12.400000			Vis.	JRW						No		P				S ORI		STD		
2448363.748000	11.400000			Vis.	AB						No		G				S ORI		STD		
2448367.700000	11.800000			Vis.	HRB	C					No		G				S ORI		STD		
2448481.900000	9.000000			Vis.	HE						No		G				S ORI		STD		
2448483.097000	9.400000			Vis.	AB						No		G				S ORI		STD		
2448507.500000	8.600000			Vis.	MZS						No		G				S ORI		STD		
2448508.900000	8.400000			Vis.	HE						No		G				S ORI		STD		
2448509.054000	8.600000			Vis.	AB						No		G				S ORI		STD		
2448513.700000	9.200000			Vis.	CMG						No		G				S ORI		STD		
2448515.000000	9.200000			Vis.	SVN						No		G				S ORI		STD		
2448519.900000	8.400000			Vis.	HE						No		G				S ORI		STD		
2448521.900000	8.800000			Vis.	SVN						No		G				S ORI		STD		
2448533.500000	8.400000			Vis.	RJV						No		G				S ORI		STD		
2448534.400000	8.300000			Vis.	SSZ						No		G				S ORI		STD		
2448534.500000	9.400000			Vis.	KOS						No		G				S ORI		STD		
2448534.560000	8.100000			Vis.	OER						No		G				S ORI		STD		
2448535.600000	9.200000			Vis.	POX						No		G				S ORI		STD		
2448536.409000	9.000000			Vis.	SHQ						No		G				S ORI		STD		
2448536.900000	8.400000			Vis.	HMR						No		G				S ORI		STD		
2448537.400000	8.700000			Vis.	MKH						No		G				S ORI		STD		
2448537.900000	8.600000			Vis.	LVT						No		G				S ORI		STD		
2448540.473000	9.300000			Vis.	OER						No		G				S ORI		STD		
2448542.095000	8.800000			Vis.	AB						No		G				S ORI		STD		
2448542.800000	9.600000			Vis.	SAH						No		G				S ORI		STD		
2448543.900000	8.900000			Vis.	HE						No		G				S ORI		STD		
2448543.900000	9.300000			Vis.	HK						No		G				S ORI		STD		
2448545.577000	9.400000			Vis.	GBZ						No		G				S ORI		STD		
2448546.452000	9.100000			Vis.	OER						No		G				S ORI		STD		
2448546.900000	9.300000			Vis.	SVN						No		G				S ORI		STD		
2448547.700000	9.000000			Vis.	KRS						No		G				S ORI		STD		
2448548.511000	9.200000			Vis.	OER						No		G				S ORI		STD		
2448550.110000	9.100000			Vis.	AB						No		G				S ORI		STD		
2448560.700000	9.300000			Vis.	HE						No		G				S ORI		STD		
2448560.900000	9.800000			Vis.	PLR						No		G				S ORI		STD		
2448561.500000	8.900000			Vis.	RJV						No		G				S ORI		STD		
2448561.600000	9.700000			Vis.	FSJ						No		G				S ORI		STD		
2448564.391000	8.900000			Vis.	GBZ						No		G				S ORI		STD		
2448567.048000	9.600000			Vis.	AB						No		G				S ORI		STD		
2448567.417000	9.600000			Vis.	OER						No		G				S ORI		STD		
2448569.503000	10.100000			Vis.	GBZ						No		G				S ORI		STD		
2448569.900000	9.400000			Vis.	HE						No		G				S ORI		STD		
2448570.300000	9.900000			Vis.	JRW						No		G				S ORI		STD		
2448570.490000	9.600000			Vis.	MGE						No		G				S ORI		STD		
2448570.700000	9.700000			Vis.	SHS		98	94	SD1951		No		P				S ORI		STD		
2448571.800000	10.100000			Vis.	SET						No		G				S ORI		STD		
2448572.300000	9.900000			Vis.	MKH						No		G				S ORI		STD		
2448572.700000	9.500000			Vis.	HE						No		G				S ORI		STD		
2448573.500000	10.200000			Vis.	POX						No		G				S ORI		STD		
2448574.900000	10.400000			Vis.	HK						No		G				S ORI		STD		
2448576.360000	9.900000			Vis.	OER						No		G				S ORI		STD		
2448578.900000	9.800000			Vis.	HE						No		G				S ORI		STD		
2448580.390000	9.700000			Vis.	MGE						No		G				S ORI		STD		
2448582.700000	9.700000			Vis.	KRS						No		G				S ORI		STD		
2448588.700000	10.000000			Vis.	HMR						No		G				S ORI		STD		
2448589.200000	10.100000			Vis.	MKH						No		G				S ORI		STD		
2448589.400000	10.400000			Vis.	JRW						No		G				S ORI		STD		
2448590.424000	10.900000			Vis.	DPA						No		G				S ORI		STD		
2448591.700000	10.300000			Vis.	SET						No		G				S ORI		STD		
2448591.800000	10.800000			Vis.	HRB						No		G				S ORI		STD		
2448592.400000	10.500000			Vis.	SPQ						No		G				S ORI		STD		
2448592.500000	11.100000			Vis.	KOS						No		G				S ORI		STD		
2448596.480000	9.800000			Vis.	OER						No		G				S ORI		STD		
2448597.500000	10.400000			Vis.	TPS						No		G				S ORI		STD		
2448597.700000	10.200000			Vis.	HMR						No		G				S ORI		STD		
2448598.800000	10.400000			Vis.	BBT						No		G				S ORI		STD		
2448599.400000	10.600000			Vis.	JRW						No		G				S ORI		STD		
2448599.800000	11.000000			Vis.	WC						No		G				S ORI		STD		
2448600.200000	10.200000			Vis.	MKH						No		G				S ORI		STD		
2448601.700000	10.200000			Vis.	HE						No		G				S ORI		STD		
2448602.400000	10.700000			Vis.	SPQ						No		G				S ORI		STD		
2448602.500000	10.800000			Vis.	SSI						No		G				S ORI		STD		
2448602.700000	10.800000			Vis.	TDB						No		G				S ORI		STD		
2448604.387000	11.100000			Vis.	DPA						No		G				S ORI		STD		
2448604.500000	10.900000			Vis.	VCP						No		G				S ORI		STD		
2448614.000000	11.400000			Vis.	MCV						No		G				S ORI		STD		
2448614.700000	10.800000			Vis.	KRS						No		G				S ORI		STD		
2448616.300000	11.000000			Vis.	SPQ						No		G				S ORI		STD		
2448617.400000	11.000000			Vis.	JRW						No		G				S ORI		STD		
2448617.400000	11.000000			Vis.	POX						No		G				S ORI		STD		
2448618.500000	11.300000			Vis.	MJW						No		G				S ORI		STD		
2448618.600000	10.600000			Vis.	JOG						No		G				S ORI		STD		
2448619.460000	11.300000			Vis.	VED						No		G				S ORI		STD		
2448619.600000	11.300000			Vis.	SET						No		G				S ORI		STD		
2448621.600000	11.100000			Vis.	SHS		106	114	SD1951		No		P				S ORI		STD		
2448624.200000	11.400000			Vis.	MKH						No		G				S ORI		STD		
2448624.521000	11.600000			Vis.	KHL						No		G				S ORI		STD		
2448625.400000	11.600000			Vis.	KOS						No		G				S ORI		STD		
2448625.487000	11.200000			Vis.	GBZ						No		G				S ORI		STD		
2448626.400000	11.200000			Vis.	SPQ						No		G				S ORI		STD		
2448627.400000	11.400000			Vis.	FFC						No		G				S ORI		STD		
2448627.400000	11.900000			Vis.	TJV						No		G				S ORI		STD		
2448628.400000	11.200000			Vis.	JRW						No		G				S ORI		STD		
2448631.700000	11.300000			Vis.	SSP						No		G				S ORI		STD		
2448632.310000	11.700000			Vis.	DPA						No		G				S ORI		STD		
2448632.700000	11.800000			Vis.	WC						No		G				S ORI		STD		
2448633.600000	11.600000			Vis.	JOG						No		G				S ORI		STD		
2448633.700000	11.300000			Vis.	KRS						No		G				S ORI		STD		
2448635.500000	11.700000			Vis.	BRJ						No		G				S ORI		STD		
2448636.400000	11.000000			Vis.	RJV						No		G				S ORI		STD		
2448641.600000	12.100000			Vis.	SVN						No		G				S ORI		STD		
2448644.400000	11.900000			Vis.	DUP						No		G				S ORI		STD		
2448645.113900	11.700000			Vis.	MCV						No		G				S ORI		STD		
2448645.300000	11.900000			Vis.	SPQ						No		G				S ORI		STD		
2448646.329000	12.400000			Vis.	GBZ						No		G				S ORI		STD		
2448646.700000	11.600000			Vis.	RR						No		G				S ORI		STD		
2448647.400000	11.700000			Vis.	JRW						No		G				S ORI		STD		
2448647.600000	12.700000			Vis.	SET						No		G				S ORI		STD		
2448650.300000	13.000000			Vis.	CEA						No		G				S ORI		STD		
2448651.400000	12.300000			Vis.	DUP						No		G				S ORI		STD		
2448651.600000	11.900000			Vis.	JOG						No		G				S ORI		STD		
2448651.600000	12.300000			Vis.	MF						No		G				S ORI		STD		
2448652.340000	12.400000			Vis.	VED						No		G				S ORI		STD		
2448653.600000	12.700000			Vis.	SVN						No		G				S ORI		STD		
2448654.600000	11.900000			Vis.	CLK						No		G				S ORI		STD		
2448655.700000	12.200000			Vis.	HRB						No		G				S ORI		STD		
2448656.500000	12.900000			Vis.	BRJ						No		G				S ORI		STD		
2448656.600000	13.100000			Vis.	MJW						No		G				S ORI		STD		
2448658.500000	12.800000			Vis.	SAH						No		G				S ORI		STD		
2448658.700000	12.600000			Vis.	WC						No		G				S ORI		STD		
2448659.600000	11.800000			Vis.	KRS						No		G				S ORI		STD		
2448660.300000	12.000000			Vis.	JRW						No		G				S ORI		STD		
2448660.311000	11.800000			Vis.	DPA						No		G				S ORI		STD		
2448674.300000	12.400000			Vis.	JRW						No		G				S ORI		STD		
2448675.300000	13.000000			Vis.	CEA						No		G				S ORI		STD		
2448677.600000	12.000000			Vis.	RR						No		G				S ORI		STD		
2448680.282000	13.200000			Vis.	GBZ	C					No		G				S ORI		STD		
2448680.600000	13.000000			Vis.	SVN						No		G				S ORI		STD		
2448681.300000	12.500000			Vis.	FFC						No		G				S ORI		STD		
2448681.400000	12.700000			Vis.	MZS						No		G				S ORI		STD		
2448682.600000	13.200000			Vis.	WC						No		G				S ORI		STD		
2448683.368000	12.900000			Vis.	KHL						No		G				S ORI		STD		
2448683.600000	13.500000			Vis.	MJW						No		G				S ORI		STD		
2448687.000000	13.700000			Vis.	CR						No		G				S ORI		STD		
2448687.300000	12.700000			Vis.	JRW						No		G				S ORI		STD		
2448689.821000	12.900000			Vis.	AB						No		G				S ORI		STD		
2448689.900000	13.100000			Vis.	CR						No		G				S ORI		STD		
2448697.600000	13.100000			Vis.	SAH						No		G				S ORI		STD		
2448697.600000	13.200000			Vis.	TDM						No		G				S ORI		STD		
2448704.600000	13.200000			Vis.	HK						No		G				S ORI		STD		
2448706.600000	13.200000			Vis.	WC						No		G				S ORI		STD		
2448708.300000	12.900000			Vis.	JRW						No		G				S ORI		STD		
2448713.600000	13.200000			Vis.	SAH						No		G				S ORI		STD		
2448713.600000	13.000000			Vis.	WC						No		G				S ORI		STD		
2448720.300000	12.900000			Vis.	JRW						No		G				S ORI		STD		
2448745.900000	13.400000			Vis.	CR						No		G				S ORI		STD		
2448862.600000	10.200000			Vis.	CSM						No		G				S ORI		STD		
2448862.600000	10.400000			Vis.	KOS						No		G				S ORI		STD		
2448862.900000	10.100000			Vis.	HMR						No		G				S ORI		STD		
2448864.400000	10.400000			Vis.	MKH						No		G				S ORI		STD		
2448865.600000	10.500000			Vis.	KIL						No		G				S ORI		STD		
2448872.000000	10.100000			Vis.	HMR						No		G				S ORI		STD		
2448873.600000	10.500000			Vis.	POX						No		G				S ORI		STD		
2448874.597000	10.300000			Vis.	DPA						No		G				S ORI		STD		
2448876.000000	10.500000			Vis.	HK						No		G				S ORI		STD		
2448877.607000	10.600000			Vis.	GBZ						No		G				S ORI		STD		
2448882.589000	10.400000			Vis.	OER						No		G				S ORI		STD		
2448883.000000	10.400000			Vis.	SVN						No		G				S ORI		STD		
2448885.900000	10.500000			Vis.	SAH						No		G				S ORI		STD		
2448889.900000	9.300000			Vis.	HE						No		G				S ORI		STD		
2448889.900000	10.300000			Vis.	LVT						No		G				S ORI		STD		
2448891.600000	10.700000			Vis.	KOS						No		G				S ORI		STD		
2448892.900000	9.600000			Vis.	UCA						No		G				S ORI		STD		
2448893.500000	9.800000			Vis.	KRU						No		G				S ORI		STD		
2448893.900000	9.900000			Vis.	KTL						No		G				S ORI		STD		
2448894.500000	10.300000			Vis.	CMG						No		G				S ORI		STD		
2448894.597000	10.600000			Vis.	GBZ						No		G				S ORI		STD		
2448894.900000	9.100000			Vis.	HE						No		G				S ORI		STD		
2448895.650000	10.100000			Vis.	GRL						No		G				S ORI		STD		
2448899.900000	10.200000			Vis.	SVN						No		G				S ORI		STD		
2448901.400000	9.500000			Vis.	MKH						No		G				S ORI		STD		
2448901.900000	9.200000			Vis.	LVT						No		G				S ORI		STD		
2448903.900000	9.100000			Vis.	HE						No		G				S ORI		STD		
2448907.489000	8.800000			Vis.	OER						No		G				S ORI		STD		
2448913.600000	8.400000			Vis.	THU						No		G				S ORI		STD		
2448914.300000	8.400000			Vis.	MKH						No		G				S ORI		STD		
2448915.700000	9.000000			Vis.	HE						No		G				S ORI		STD		
2448917.582000	8.900000			Vis.	GBZ						No		G				S ORI		STD		
2448917.600000	8.200000			Vis.	THU						No		G				S ORI		STD		
2448919.500000	9.100000			Vis.	POX						No		G				S ORI		STD		
2448920.000000	8.500000			Vis.	HMR						No		G				S ORI		STD		
2448920.800000	8.300000			Vis.	UCA						No		G				S ORI		STD		
2448921.978000	9.100000			Vis.	LWT						No		G				S ORI		STD		
2448923.900000	8.300000			Vis.	SVN						No		G				S ORI		STD		
2448928.300000	8.200000			Vis.	MKH						No		G				S ORI		STD		
2448928.900000	8.000000			Vis.	LVT						No		G				S ORI		STD		
2448929.500000	8.600000			Vis.	POX						No		G				S ORI		STD		
2448930.700000	8.100000			Vis.	JOG						No		G				S ORI		STD		
2448933.557000	8.600000			Vis.	OER						No		G				S ORI		STD		
2448933.600000	8.200000			Vis.	THU						No		G				S ORI		STD		
2448935.559000	8.400000			Vis.	GBZ						No		G				S ORI		STD		
2448940.400000	8.200000			Vis.	JRW						No		G				S ORI		STD		
2448942.600000	8.500000			Vis.	SHS						No		G				S ORI		STD		
2448942.700000	8.700000			Vis.	HE						No		G				S ORI		STD		
2448944.700000	8.300000			Vis.	THU						No		G				S ORI		STD		
2448946.700000	8.100000			Vis.	PLA						No		G				S ORI		STD		
2448947.548000	8.300000			Vis.	BOS						No		G				S ORI		STD		
2448948.470000	8.300000			Vis.	MGE						No		G				S ORI		STD		
2448950.391000	8.600000			Vis.	DPA						No		G				S ORI		STD		
2448952.400000	8.300000			Vis.	JRW						No		G				S ORI		STD		
2448952.700000	8.400000			Vis.	THU						No		G				S ORI		STD		
2448953.700000	8.500000			Vis.	HE						No		G				S ORI		STD		
2448954.140000	8.400000			Vis.	FMX		NA		NA	RASNZ ARCHIVAL	No		P				S ORI		STD		
2448954.585000	8.500000			Vis.	GBZ						No		G				S ORI		STD		
2448955.700000	8.500000			Vis.	SET						No		G				S ORI		STD		
2448956.700000	8.400000			Vis.	HE						No		G				S ORI		STD		
2448957.500000	8.900000			Vis.	POX						No		G				S ORI		STD		
2448957.500000	8.400000			Vis.	TPS						No		G				S ORI		STD		
2448958.381000	8.700000			Vis.	BOS						No		G				S ORI		STD		
2448958.500000	8.700000			Vis.	KOS						No		G				S ORI		STD		
2448958.600000	8.000000			Vis.	KRU						No		G				S ORI		STD		
2448958.800000	8.200000			Vis.	HE						No		G				S ORI		STD		
2448962.700000	8.800000			Vis.	THU						No		G				S ORI		STD		
2448967.800000	8.800000			Vis.	RR						No		G				S ORI		STD		
2448969.400000	8.700000			Vis.	JRW						No		G				S ORI		STD		
2448970.700000	8.400000			Vis.	HE						No		G				S ORI		STD		
2448971.500000	9.000000			Vis.	SHS						No		G				S ORI		STD		
2448973.406000	9.600000			Vis.	DPA						No		G				S ORI		STD		
2448974.700000	8.800000			Vis.	BBT						No		G				S ORI		STD		
2448975.300000	9.000000			Vis.	THU						No		G				S ORI		STD		
2448975.400000	8.800000			Vis.	KRU						No		G				S ORI		STD		
2448975.416000	9.500000			Vis.	OER						No		G				S ORI		STD		
2448975.700000	10.100000			Vis.	SET						No		G				S ORI		STD		
2448977.500000	8.900000			Vis.	JOG						No		G				S ORI		STD		
2448977.600000	9.000000			Vis.	HMR						No		G				S ORI		STD		
2448977.600000	9.000000			Vis.	TDM						No		G				S ORI		STD		
2448978.400000	9.200000			Vis.	JRW						No		G				S ORI		STD		
2448979.400000	9.200000			Vis.	KIL						No		G				S ORI		STD		
2448979.500000	9.500000			Vis.	SPQ						No		G				S ORI		STD		
2448979.700000	8.800000			Vis.	KRS						No		G				S ORI		STD		
2448981.500000	8.700000			Vis.	HE						No		G				S ORI		STD		
2448981.500000	9.100000			Vis.	TPS						No		G				S ORI		STD		
2448981.600000	9.800000			Vis.	LVT						No		G				S ORI		STD		
2448983.300000	9.300000			Vis.	THU						No		G				S ORI		STD		
2448983.600000	9.000000			Vis.	WNG	C					No		G				S ORI		STD		
2448984.533000	10.500000			Vis.	BOS						No		G				S ORI		STD		
2448985.200000	9.500000			Vis.	MKH						No		G				S ORI		STD		
2448985.900000	9.700000			Vis.	CR						No		G				S ORI		STD		
2448986.100000	9.800000			Vis.	FMX		NA		NA	RASNZ ARCHIVAL	No		P				S ORI		STD		
2448986.300000	9.400000			Vis.	KIL						No		G				S ORI		STD		
2448986.340000	10.300000			Vis.	DPA						No		G				S ORI		STD		
2448986.400000	9.600000			Vis.	VCP						No		G				S ORI		STD		
2448987.400000	10.100000			Vis.	PBE						No		G				S ORI		STD		
2448987.500000	10.000000			Vis.	DTE						No		G				S ORI		STD		
2448987.500000	9.800000			Vis.	GUB						No		G				S ORI		STD		
2448988.600000	9.900000			Vis.	SET						No		G				S ORI		STD		
2448989.700000	9.300000			Vis.	TDB						No		G				S ORI		STD		
2448991.070000	9.800000			Vis.	FMX		NA		NA	RASNZ ARCHIVAL	No		P				S ORI		STD		
2448991.380000	10.200000			Vis.	MGE						No		G				S ORI		STD		
2448991.500000	10.100000			Vis.	KOS						No		G				S ORI		STD		
2448992.300000	9.600000			Vis.	SBT						No		G				S ORI		STD		
2449000.300000	10.800000			Vis.	POX						No		G				S ORI		STD		
2449002.330000	10.400000			Vis.	MGE						No		G				S ORI		STD		
2449002.400000	9.800000			Vis.	JRW						No		G				S ORI		STD		
2449002.400000	10.000000			Vis.	KRU						No		G				S ORI		STD		
2449003.320000	9.900000			Vis.	VDL						No		G				S ORI		STD		
2449003.333000	10.600000			Vis.	GBZ						No		G				S ORI		STD		
2449003.425000	10.900000			Vis.	OER						No		G				S ORI		STD		
2449004.000000	10.200000			Vis.	CR						No		G				S ORI		STD		
2449004.448000	10.300000			Vis.	DPA						No		G				S ORI		STD		
2449004.451000	10.300000			Vis.	BOS						No		G				S ORI		STD		
2449004.600000	10.100000			Vis.	HMR						No		G				S ORI		STD		
2449004.600000	10.700000			Vis.	SET						No		G				S ORI		STD		
2449006.400000	10.100000			Vis.	GUB						No		G				S ORI		STD		
2449006.600000	10.400000			Vis.	LVT						No		G				S ORI		STD		
2449006.600000	10.300000			Vis.	TDB						No		G				S ORI		STD		
2449007.060000	10.700000			Vis.	MCV						No		G				S ORI		STD		
2449007.500000	10.400000			Vis.	BMK						No		G				S ORI		STD		
2449007.500000	10.300000			Vis.	SHS						No		G				S ORI		STD		
2449007.600000	11.000000			Vis.	WC						No		G				S ORI		STD		
2449008.400000	9.800000			Vis.	BPI						No		G				S ORI		STD		
2449008.500000	10.800000			Vis.	DFR						No		G				S ORI		STD		
2449009.300000	10.300000			Vis.	MGE						No		G				S ORI		STD		
2449012.700000	10.800000			Vis.	SAH						No		G				S ORI		STD		
2449013.400000	10.000000			Vis.	JRW						No		G				S ORI		STD		
2449013.600000	10.300000			Vis.	BBT						No		G				S ORI		STD		
2449013.600000	10.400000			Vis.	JOG						No		G				S ORI		STD		
2449013.700000	10.100000			Vis.	WDN						No		G				S ORI		STD		
2449014.700000	10.300000			Vis.	HK						No		G				S ORI		STD		
2449014.738000	10.700000			Vis.	AB						No		G				S ORI		STD		
2449015.300000	10.500000			Vis.	SPQ						No		G				S ORI		STD		
2449015.500000	10.200000			Vis.	BDT						No		G				S ORI		STD		
2449015.700000	10.800000			Vis.	SSP						No		G				S ORI		STD		
2449016.200000	10.200000			Vis.	MKH						No		G				S ORI		STD		
2449016.400000	10.300000			Vis.	KVI						No		G				S ORI		STD		
2449017.500000	10.800000			Vis.	BMK						No		G				S ORI		STD		
2449017.500000	10.400000			Vis.	WC						No		G				S ORI		STD		
2449017.600000	10.700000			Vis.	RRB						No		G				S ORI		STD		
2449018.204000	10.900000			Vis.	SHQ						No		G				S ORI		STD		
2449018.600000	10.800000			Vis.	GOP						No		G				S ORI		STD		
2449019.500000	10.700000			Vis.	SET						No		G				S ORI		STD		
2449019.600000	10.200000			Vis.	TDM						No		G				S ORI		STD		
2449021.700000	10.000000			Vis.	KRS						No		G				S ORI		STD		
2449029.300000	10.800000			Vis.	JRW						No		G				S ORI		STD		
2449030.300000	11.500000			Vis.	CEA						No		G				S ORI		STD		
2449030.600000	11.200000			Vis.	AAP						No		G				S ORI		STD		
2449032.000000	10.800000			Vis.	FMX		NA		NA	RASNZ ARCHIVAL	No		P				S ORI		STD		
2449032.000000	11.500000			Vis.	NTP	K	NA		NA	RASNZ ARCHIVAL	No		P				S ORI		STD		
2449032.700000	10.800000			Vis.	HMR						No		G				S ORI		STD		
2449033.400000	10.900000			Vis.	HFO						No		G				S ORI		STD		
2449033.400000	11.300000			Vis.	MOI						No		G				S ORI		STD		
2449033.620000	11.300000			Vis.	RGB	C					No		G				S ORI		STD		
2449036.600000	11.600000			Vis.	LVT						No		G				S ORI		STD		
2449036.802000	10.900000			Vis.	AB						No		G				S ORI		STD		
2449038.400000	11.500000			Vis.	SHS						No		G				S ORI		STD		
2449038.970000	11.600000			Vis.	NTP	K	NA		NA	RASNZ ARCHIVAL	No		P				S ORI		STD		
2449040.600000	11.300000			Vis.	GOP						No		G				S ORI		STD		
2449041.325000	11.600000			Vis.	OER						No		G				S ORI		STD		
2449041.360000	11.500000			Vis.	BOS						No		G				S ORI		STD		
2449041.400000	10.900000			Vis.	JRW						No		G				S ORI		STD		
2449042.500000	11.600000			Vis.	WC						No		G				S ORI		STD		
2449043.600000	11.900000			Vis.	AAP						No		G				S ORI		STD		
2449045.000000	11.300000			Vis.	CR						No		G				S ORI		STD		
2449045.300000	11.500000			Vis.	MRX						No		G				S ORI		STD		
2449046.374000	11.800000			Vis.	DPA						No		G				S ORI		STD		
2449048.600000	11.500000			Vis.	TDM						No		G				S ORI		STD		
2449049.600000	11.200000			Vis.	WDN						No		G				S ORI		STD		
2449050.100000	11.300000			Vis.	MKH						No		G				S ORI		STD		
2449050.400000	11.800000			Vis.	SHS						No		G				S ORI		STD		
2449053.600000	11.500000			Vis.	WC						No		G				S ORI		STD		
2449055.300000	11.700000			Vis.	VCP						No		G				S ORI		STD		
2449057.300000	11.100000			Vis.	JRW						No		G				S ORI		STD		
2449059.324000	11.500000			Vis.	DPA						No		G				S ORI		STD		
2449060.600000	11.800000			Vis.	WC						No		G				S ORI		STD		
2449061.000000	11.600000			Vis.	CR						No		G				S ORI		STD		
2449062.500000	12.500000			Vis.	SHS						No		G				S ORI		STD		
2449068.000000	12.300000			Vis.	CR						No		G				S ORI		STD		
2449068.755000	11.900000			Vis.	AB						No		G				S ORI		STD		
2449069.300000	11.500000			Vis.	JRW						No		G				S ORI		STD		
2449071.600000	12.400000			Vis.	WDN						No		G				S ORI		STD		
2449072.329000	12.400000			Vis.	DPA						No		G				S ORI		STD		
2449073.500000	13.000000			Vis.	SHS						No		G				S ORI		STD		
2449075.100000	12.700000			Vis.	GMF						No		G				S ORI		STD		
2449077.500000	11.800000			Vis.	JOG						No		G				S ORI		STD		
2449081.600000	13.100000			Vis.	WC						No		G				S ORI		STD		
2449086.400000	13.200000			Vis.	SHS						No		G				S ORI		STD		
2449095.300000	13.000000			Vis.	CMG						No		G				S ORI		STD		
2449097.900000	13.000000			Vis.	CR						No		G				S ORI		STD		
2449228.400000	10.500000			Vis.	MKH						No		G				S ORI		STD		
2449241.519000	10.800000			Vis.	GBZ						No		G				S ORI		STD		
2449245.000000	10.700000			Vis.	HK						No		G				S ORI		STD		
2449245.800000	10.400000			Vis.	HE						No		G				S ORI		STD		
2449246.400000	10.500000			Vis.	MKH						No		G				S ORI		STD		
2449247.545000	11.100000			Vis.	OER						No		G				S ORI		STD		
2449248.589000	11.200000			Vis.	DPA						No		G				S ORI		STD		
2449248.900000	10.200000			Vis.	KRS						No		G				S ORI		STD		
2449252.600000	10.300000			Vis.	CSM						No		G				S ORI		STD		
2449253.600000	10.500000			Vis.	KRU						No		G				S ORI		STD		
2449255.598000	10.500000			Vis.	BVA						No		G				S ORI		STD		
2449258.900000	10.300000			Vis.	HE						No		G				S ORI		STD		
2449270.609000	10.900000			Vis.	GUB						No		G				S ORI		STD		
2449270.900000	10.900000			Vis.	SAH						No		G				S ORI		STD		
2449274.600000	10.800000			Vis.	KOS						No		G				S ORI		STD		
2449275.500000	10.200000			Vis.	KRU						No		G				S ORI		STD		
2449277.590000	10.400000			Vis.	MGE						No		G				S ORI		STD		
2449277.660000	10.900000			Vis.	GRL						No		G				S ORI		STD		
2449278.575000	10.600000			Vis.	BOS						No		G				S ORI		STD		
2449282.800000	10.500000			Vis.	AKT						No		G				S ORI		STD		
2449283.549000	11.200000			Vis.	OER						No		G				S ORI		STD		
2449283.571000	11.100000			Vis.	GBZ						No		G				S ORI		STD		
2449283.800000	10.500000			Vis.	BMK						No		G				S ORI		STD		
2449284.900000	10.300000			Vis.	GMB						No		G				S ORI		STD		
2449286.590000	10.900000			Vis.	GRL						No		G				S ORI		STD		
2449298.400000	10.400000			Vis.	JRW						No		G				S ORI		STD		
2449299.100000	10.100000			Vis.	CR						No		G				S ORI		STD		
2449302.000000	10.100000			Vis.	HMR						No		G				S ORI		STD		
2449304.400000	10.000000			Vis.	THU						No		G				S ORI		STD		
2449304.900000	11.000000			Vis.	AKT						No		G				S ORI		STD		
2449305.034000	10.600000			Vis.	AB						No		G				S ORI		STD		
2449305.280000	9.800000			Vis.	BVA						No		G				S ORI		STD		
2449306.920000	10.200000			Vis.	IFJ	K	NA		NA		No		P				S ORI		STD		
2449308.500000	10.100000			Vis.	BMU						No		G				S ORI		STD		
2449309.607000	10.200000			Vis.	BOS						No		G				S ORI		STD		
2449311.000000	10.200000			Vis.	AB						No		G				S ORI		STD		
2449311.700000	9.700000			Vis.	HMR						No		G				S ORI		STD		
2449312.225000	9.800000			Vis.	NTP	K	NA		NA	RASNZ ARCHIVAL	No		P				S ORI		STD		
2449312.700000	10.000000			Vis.	BMK						No		G				S ORI		STD		
2449313.300000	9.700000			Vis.	MKH						No		G				S ORI		STD		
2449314.600000	9.900000			Vis.	BRJ						No		G				S ORI		STD		
2449314.700000	9.100000			Vis.	HE						No		G				S ORI		STD		
2449317.097000	9.500000			Vis.	AB						No		G				S ORI		STD		
2449319.200000	9.100000			Vis.	THU						No		G				S ORI		STD		
2449325.700000	9.000000			Vis.	KRS						No		G				S ORI		STD		
2449325.920000	9.800000			Vis.	IFJ	K	NA		NA		No		P				S ORI		STD		
2449326.300000	8.500000			Vis.	THU						No		G				S ORI		STD		
2449326.400000	9.300000			Vis.	JRW						No		G				S ORI		STD		
2449326.410000	8.900000			Vis.	MGE						No		G				S ORI		STD		
2449326.490000	8.700000			Vis.	VED						No		G				S ORI		STD		
2449327.700000	8.800000			Vis.	HE						No		G				S ORI		STD		
2449328.600000	8.400000			Vis.	SUS						No		G				S ORI		STD		
2449329.300000	8.300000			Vis.	MKH						No		G				S ORI		STD		
2449329.570000	8.500000			Vis.	GRL						No		G				S ORI		STD		
2449332.394000	8.300000			Vis.	DPA						No		G				S ORI		STD		
2449332.400000	8.500000			Vis.	OER						No		G				S ORI		STD		
2449332.500000	8.500000			Vis.	SPQ						No		G				S ORI		STD		
2449333.049000	8.500000			Vis.	AB						No		G				S ORI		STD		
2449333.200000	8.600000			Vis.	THU						No		G				S ORI		STD		
2449333.350000	8.500000			Vis.	MGE						No		G				S ORI		STD		
2449333.700000	8.700000			Vis.	BMK						No		G				S ORI		STD		
2449333.920000	9.600000			Vis.	IFJ	K	NA		NA		No		P				S ORI		STD		
2449334.500000	8.000000			Vis.	JOG						No		G				S ORI		STD		
2449334.500000	8.500000			Vis.	LVT						No		G				S ORI		STD		
2449334.600000	8.800000			Vis.	HE						No		G				S ORI		STD		
2449335.700000	8.300000			Vis.	HMR						No		G				S ORI		STD		
2449337.400000	8.600000			Vis.	JRW						No		G				S ORI		STD		
2449338.600000	8.800000			Vis.	RRB						No		G				S ORI		STD		
2449339.080000	7.800000			Vis.	FMX		NA		NA	RASNZ ARCHIVAL	No		P				S ORI		STD		
2449339.400000	8.500000			Vis.	THU						No		G				S ORI		STD		
2449340.400000	8.300000			Vis.	BPI						No		G				S ORI		STD		
2449341.000000	8.500000			Vis.	CR						No		G				S ORI		STD		
2449341.890000	8.100000			Vis.	IFJ	K	NA		NA		No		P				S ORI		STD		
2449342.300000	8.700000			Vis.	VBP						No		G				S ORI		STD		
2449343.200000	9.000000			Vis.	CMG						No		G				S ORI		STD		
2449344.300000	8.200000			Vis.	BSR						No		G				S ORI		STD		
2449344.340000	8.200000			Vis.	MGE						No		G				S ORI		STD		
2449346.300000	8.000000			Vis.	THU						No		G				S ORI		STD		
2449346.700000	8.200000			Vis.	HMR						No		G				S ORI		STD		
2449346.800000	8.000000			Vis.	RR						No		G				S ORI		STD		
2449348.550000	8.200000			Vis.	GRL						No		G				S ORI		STD		
2449350.200000	8.200000			Vis.	THU						No		G				S ORI		STD		
2449351.600000	8.100000			Vis.	TDB						No		G				S ORI		STD		
2449352.400000	8.100000			Vis.	GRL						No		G				S ORI		STD		
2449354.980500	8.500000			Vis.	MCV						No		G				S ORI		STD		
2449355.400000	8.600000			Vis.	POX						No		G				S ORI		STD		
2449355.700000	8.400000			Vis.	HMR						No		G				S ORI		STD		
2449356.300000	8.200000			Vis.	ZLT						No		G				S ORI		STD		
2449356.370000	8.100000			Vis.	VED						No		G				S ORI		STD		
2449356.400000	8.200000			Vis.	JRW						No		G				S ORI		STD		
2449356.400000	8.100000			Vis.	SPQ						No		G				S ORI		STD		
2449356.500000	8.100000			Vis.	MJL						No		G				S ORI		STD		
2449357.300000	8.600000			Vis.	FFC						No		G				S ORI		STD		
2449358.200000	8.000000			Vis.	MKH						No		G				S ORI		STD		
2449358.424000	8.300000			Vis.	BOS						No		G				S ORI		STD		
2449358.500000	8.100000			Vis.	BMU						No		G				S ORI		STD		
2449359.443000	8.600000			Vis.	GBZ						No		G				S ORI		STD		
2449359.727000	8.700000			Vis.	AB						No		G				S ORI		STD		
2449360.400000	8.400000			Vis.	BIC						No		G				S ORI		STD		
2449360.429000	8.500000			Vis.	OER						No		G				S ORI		STD		
2449361.300000	8.300000			Vis.	THU						No		G				S ORI		STD		
2449361.400000	8.100000			Vis.	SUS						No		G				S ORI		STD		
2449361.600000	8.200000			Vis.	BMK						No		G				S ORI		STD		
2449361.700000	8.500000			Vis.	HE						No		G				S ORI		STD		
2449362.600000	8.000000			Vis.	WC						No		G				S ORI		STD		
2449363.420000	8.500000			Vis.	PUJ						No		G				S ORI		STD		
2449363.600000	8.200000			Vis.	HMR						No		G				S ORI		STD		
2449363.981200	8.600000			Vis.	MCV						No		G				S ORI		STD		
2449365.300000	8.300000			Vis.	SKI						No		G				S ORI		STD		
2449365.600000	8.700000			Vis.	AKT						No		G				S ORI		STD		
2449365.700000	8.200000			Vis.	RR						No		G				S ORI		STD		
2449367.340000	8.300000			Vis.	VED						No		G				S ORI		STD		
2449367.600000	8.000000			Vis.	BMK						No		G				S ORI		STD		
2449367.600000	8.300000			Vis.	HE						No		G				S ORI		STD		
2449368.291000	8.300000			Vis.	DPA						No		G				S ORI		STD		
2449368.375000	8.600000			Vis.	VDL						No		G				S ORI		STD		
2449368.400000	8.300000			Vis.	MGE						No		G				S ORI		STD		
2449368.400000	8.500000			Vis.	SPQ						No		G				S ORI		STD		
2449368.450000	8.700000			Vis.	GRL						No		G				S ORI		STD		
2449369.200000	8.200000			Vis.	HCS						No		G				S ORI		STD		
2449369.400000	8.400000			Vis.	PUJ						No		G				S ORI		STD		
2449369.508000	8.500000			Vis.	BOS						No		G				S ORI		STD		
2449370.400000	8.200000			Vis.	SUS						No		G				S ORI		STD		
2449371.300000	8.700000			Vis.	ZLT						No		G				S ORI		STD		
2449371.500000	8.400000			Vis.	TPS						No		G				S ORI		STD		
2449371.900000	8.500000			Vis.	IFJ	K	NA		NA		No		P				S ORI		STD		
2449371.983300	8.700000			Vis.	MCV						No		G				S ORI		STD		
2449372.200000	8.500000			Vis.	MKH						No		G				S ORI		STD		
2449372.300000	9.000000			Vis.	MZS						No		G				S ORI		STD		
2449374.600000	8.200000			Vis.	BMK						No		G				S ORI		STD		
2449375.400000	8.400000			Vis.	BSR						No		G				S ORI		STD		
2449378.600000	8.600000			Vis.	RR						No		G				S ORI		STD		
2449379.300000	8.700000			Vis.	GBZ						No		G				S ORI		STD		
2449379.995800	8.600000			Vis.	MCV	C					No		G				S ORI		STD		
2449381.300000	8.600000			Vis.	FSJ						No		G				S ORI		STD		
2449381.300000	8.600000			Vis.	VED						No		G				S ORI		STD		
2449384.300000	9.200000			Vis.	SJQ						No		G				S ORI		STD		
2449384.300000	9.300000			Vis.	ZLT						No		G				S ORI		STD		
2449384.500000	9.100000			Vis.	PLA						No		G				S ORI		STD		
2449384.700000	8.800000			Vis.	KRS						No		G				S ORI		STD		
2449385.300000	9.100000			Vis.	MGE						No		G				S ORI		STD		
2449385.500000	8.800000			Vis.	HE						No		G				S ORI		STD		
2449385.600000	8.900000			Vis.	HMR						No		G				S ORI		STD		
2449385.758000	9.200000			Vis.	AB						No		G				S ORI		STD		
2449386.600000	9.100000			Vis.	BBT						No		G				S ORI		STD		
2449388.200000	8.700000			Vis.	MKH						No		G				S ORI		STD		
2449388.600000	8.800000			Vis.	BMK						No		G				S ORI		STD		
2449388.600000	8.700000			Vis.	JOG						No		G				S ORI		STD		
2449389.500000	9.300000			Vis.	SET						No		G				S ORI		STD		
2449390.305000	8.700000			Vis.	WJY						No		G				S ORI		STD		
2449390.362000	9.200000			Vis.	DPA						No		G				S ORI		STD		
2449390.390000	8.900000			Vis.	VED						No		G				S ORI		STD		
2449390.600000	8.800000			Vis.	HE						No		G				S ORI		STD		
2449390.956200	8.900000			Vis.	MCV						No		G				S ORI		STD		
2449391.890000	8.800000			Vis.	IFJ	K	NA		NA		No		P				S ORI		STD		
2449393.600000	9.200000			Vis.	AKT						No		G				S ORI		STD		
2449396.200000	9.600000			Vis.	MGE						No		G				S ORI		STD		
2449396.400000	9.400000			Vis.	JRW						No		G				S ORI		STD		
2449398.300000	9.500000			Vis.	HCS						No		G				S ORI		STD		
2449398.351000	9.700000			Vis.	GUB						No		G				S ORI		STD		
2449398.600000	8.900000			Vis.	HE						No		G				S ORI		STD		
2449398.700000	9.600000			Vis.	HK						No		G				S ORI		STD		
2449399.600000	9.000000			Vis.	GMB						No		G				S ORI		STD		
2449399.700000	9.500000			Vis.	KRS						No		G				S ORI		STD		
2449400.100000	9.300000			Vis.	GMF						No		G				S ORI		STD		
2449400.349000	10.000000			Vis.	BOS						No		G				S ORI		STD		
2449400.400000	9.300000			Vis.	SPQ						No		G				S ORI		STD		
2449400.953400	8.900000			Vis.	MCV	C					No		G				S ORI		STD		
2449402.253000	9.600000			Vis.	BVA						No		G				S ORI		STD		
2449402.274000	9.600000			Vis.	SHQ						No		G				S ORI		STD		
2449402.354100	9.200000			Vis.	MZS						No		G				S ORI		STD		
2449403.350000	9.300000			Vis.	VED						No		G				S ORI		STD		
2449406.500000	10.000000			Vis.	SHS						No		G				S ORI		STD		
2449407.300000	10.100000			Vis.	MGE						No		G				S ORI		STD		
2449410.600000	10.000000			Vis.	BMK						No		G				S ORI		STD		
2449411.200000	9.700000			Vis.	MKH						No		G				S ORI		STD		
2449411.949300	9.700000			Vis.	MCV						No		G				S ORI		STD		
2449412.300000	9.900000			Vis.	RNB						No		G				S ORI		STD		
2449414.280000	9.800000			Vis.	VED						No		G				S ORI		STD		
2449414.400000	9.800000			Vis.	FMC						No		G				S ORI		STD		
2449415.300000	9.600000			Vis.	ZLT						No		G				S ORI		STD		
2449415.308000	10.300000			Vis.	BOS						No		G				S ORI		STD		
2449415.700000	10.000000			Vis.	HMR						No		G				S ORI		STD		
2449415.700000	9.500000			Vis.	SSP						No		G				S ORI		STD		
2449416.361000	9.700000			Vis.	VDL						No		G				S ORI		STD		
2449416.600000	10.400000			Vis.	WC						No		G				S ORI		STD		
2449416.900000	9.300000			Vis.	HGC	K	na		na		No		P				S ORI		STD		
2449417.618000	10.700000			Vis.	WDN						No		G				S ORI		STD		
2449417.644400	10.000000			Vis.	CLK	C					No		G				S ORI		STD		
2449418.500000	10.700000			Vis.	SHS						No		G				S ORI		STD		
2449420.786000	10.400000			Vis.	AB						No		G				S ORI		STD		
2449421.262000	10.300000			Vis.	OER						No		G				S ORI		STD		
2449421.500000	11.100000			Vis.	AKT						No		G				S ORI		STD		
2449421.700000	10.400000			Vis.	HK						No		G				S ORI		STD		
2449422.313000	10.500000			Vis.	DPA						No		G				S ORI		STD		
2449422.330000	10.000000			Vis.	VED						No		G				S ORI		STD		
2449422.363000	10.300000			Vis.	GUB						No		G				S ORI		STD		
2449422.400000	10.000000			Vis.	FMC						No		G				S ORI		STD		
2449422.640000	9.700000			Vis.	RGB						No		G				S ORI		STD		
2449423.200000	9.800000			Vis.	HCS						No		G				S ORI		STD		
2449423.880000	9.600000			Vis.	IFJ						No		G				S ORI		STD		
2449423.880000	9.600000			Vis.	HGC	K	na		na		No		P				S ORI		STD		
2449424.300000	9.600000			Vis.	ZLT						No		G				S ORI		STD		
2449424.500000	9.800000			Vis.	HE						No		G				S ORI		STD		
2449424.600000	10.300000			Vis.	JOG						No		G				S ORI		STD		
2449424.600000	10.500000			Vis.	WI						No		G				S ORI		STD		
2449425.014000	10.200000			Vis.	NTP	K	NA		NA	RASNZ ARCHIVAL	No		P				S ORI		STD		
2449425.911100	9.800000			Vis.	MCV						No		G				S ORI		STD		
2449426.600000	10.100000			Vis.	KRS						No		G				S ORI		STD		
2449426.600000	10.400000			Vis.	TDM						No		G				S ORI		STD		
2449426.600000	11.000000			Vis.	WC						No		G				S ORI		STD		
2449426.900000	10.200000			Vis.	CR						No		G				S ORI		STD		
2449427.300000	9.700000			Vis.	ZLT						No		G				S ORI		STD		
2449428.000000	10.400000			Vis.	AJU						No		G				S ORI		STD		
2449428.600000	9.700000			Vis.	KTL						No		G				S ORI		STD		
2449429.300000	10.500000			Vis.	JRW						No		G				S ORI		STD		
2449432.300000	10.200000			Vis.	RNB						No		G				S ORI		STD		
2449432.600000	10.000000			Vis.	HE						No		G				S ORI		STD		
2449432.900000	9.800000			Vis.	HGC	K	na		na		No		P				S ORI		STD		
2449432.900000	9.800000			Vis.	IFJ						No		G				S ORI		STD		
2449434.600000	10.300000			Vis.	GMB						No		G				S ORI		STD		
2449434.600000	10.400000			Vis.	HK						No		G				S ORI		STD		
2449435.940900	10.400000			Vis.	MCV						No		G				S ORI		STD		
2449437.500000	10.500000			Vis.	BMK						No		G				S ORI		STD		
2449441.600000	11.200000			Vis.	WC						No		G				S ORI		STD		
2449442.319000	10.800000			Vis.	GUB						No		G				S ORI		STD		
2449442.700000	10.600000			Vis.	HMR						No		G				S ORI		STD		
2449444.600000	11.400000			Vis.	JM						No		G				S ORI		STD		
2449444.600000	10.800000			Vis.	KTL						No		G				S ORI		STD		
2449445.300000	10.600000			Vis.	RNB						No		G				S ORI		STD		
2449446.300000	10.800000			Vis.	JRW						No		G				S ORI		STD		
2449447.300000	10.800000			Vis.	HCS						No		G				S ORI		STD		
2449447.500000	11.100000			Vis.	JOG						No		G				S ORI		STD		
2449448.700000	10.800000			Vis.	HMR						No		G				S ORI		STD		
2449449.630000	10.600000			Vis.	RGB						No		G				S ORI		STD		
2449450.937500	11.200000			Vis.	MCV						No		G				S ORI		STD		
2449452.230000	11.200000			Vis.	GBZ						No		G				S ORI		STD		
2449452.319000	11.200000			Vis.	DPA						No		G				S ORI		STD		
2449452.900000	10.600000			Vis.	CR						No		G				S ORI		STD		
2449453.100000	10.900000			Vis.	MKH						No		G				S ORI		STD		
2449464.894400	11.300000			Vis.	MCV						No		G				S ORI		STD		
