2454139.58267,-0.752,,,V,PRX,,195 1434,,,,No,,P,,,,Wy Hya,,DIFF,
2454139.58476,-0.737,,,V,PRX,,195 1434,,,,No,,P,,,,Wy Hya,,DIFF,
2454139.58684,-0.736,,,V,PRX,,195 1434,,,,No,,P,,,,Wy Hya,,DIFF,
2454139.58892,-0.738,,,V,PRX,,195 1434,,,,No,,P,,,,Wy Hya,,DIFF,
2454139.59101,-0.753,,,V,PRX,,195 1434,,,,No,,P,,,,Wy Hya,,DIFF,
2454139.59309,-0.741,,,V,PRX,,195 1434,,,,No,,P,,,,Wy Hya,,DIFF,
2454139.59517,-0.746,,,V,PRX,,195 1434,,,,No,,P,,,,Wy Hya,,DIFF,
2454139.59726,-0.754,,,V,PRX,,195 1434,,,,No,,P,,,,Wy Hya,,DIFF,
2454139.59934,-0.715,,,V,PRX,,195 1434,,,,No,,P,,,,Wy Hya,,DIFF,
2454139.60142,-0.743,,,V,PRX,,195 1434,,,,No,,P,,,,Wy Hya,,DIFF,
2454139.60351,-0.734,,,V,PRX,,195 1434,,,,No,,P,,,,Wy Hya,,DIFF,
2454139.60559,-0.720,,,V,PRX,,195 1434,,,,No,,P,,,,Wy Hya,,DIFF,
2454139.60767,-0.698,,,V,PRX,,195 1434,,,,No,,P,,,,Wy Hya,,DIFF,
2454139.60976,-0.698,,,V,PRX,,195 1434,,,,No,,P,,,,Wy Hya,,DIFF,
2454139.61184,-0.697,,,V,PRX,,195 1434,,,,No,,P,,,,Wy Hya,,DIFF,
2454139.61392,-0.666,,,V,PRX,,195 1434,,,,No,,P,,,,Wy Hya,,DIFF,
2454139.61601,-0.670,,,V,PRX,,195 1434,,,,No,,P,,,,Wy Hya,,DIFF,
2454139.61809,-0.675,,,V,PRX,,195 1434,,,,No,,P,,,,Wy Hya,,DIFF,
2454139.62017,-0.658,,,V,PRX,,195 1434,,,,No,,P,,,,Wy Hya,,DIFF,
2454139.62226,-0.640,,,V,PRX,,195 1434,,,,No,,P,,,,Wy Hya,,DIFF,
2454139.62434,-0.613,,,V,PRX,,195 1434,,,,No,,P,,,,Wy Hya,,DIFF,
2454139.62642,-0.619,,,V,PRX,,195 1434,,,,No,,P,,,,Wy Hya,,DIFF,
2454139.62851,-0.574,,,V,PRX,,195 1434,,,,No,,P,,,,Wy Hya,,DIFF,
2454139.63059,-0.569,,,V,PRX,,195 1434,,,,No,,P,,,,Wy Hya,,DIFF,
2454139.63267,-0.548,,,V,PRX,,195 1434,,,,No,,P,,,,Wy Hya,,DIFF,
2454139.63476,-0.546,,,V,PRX,,195 1434,,,,No,,P,,,,Wy Hya,,DIFF,
2454139.63684,-0.514,,,V,PRX,,195 1434,,,,No,,P,,,,Wy Hya,,DIFF,
2454139.63892,-0.500,,,V,PRX,,195 1434,,,,No,,P,,,,Wy Hya,,DIFF,
2454139.64101,-0.455,,,V,PRX,,195 1434,,,,No,,P,,,,Wy Hya,,DIFF,
2454139.64309,-0.448,,,V,PRX,,195 1434,,,,No,,P,,,,Wy Hya,,DIFF,
2454139.64517,-0.414,,,V,PRX,,195 1434,,,,No,,P,,,,Wy Hya,,DIFF,
2454139.64726,-0.379,,,V,PRX,,195 1434,,,,No,,P,,,,Wy Hya,,DIFF,
2454139.64934,-0.381,,,V,PRX,,195 1434,,,,No,,P,,,,Wy Hya,,DIFF,
2454139.65142,-0.323,,,V,PRX,,195 1434,,,,No,,P,,,,Wy Hya,,DIFF,
2454139.65351,-0.314,,,V,PRX,,195 1434,,,,No,,P,,,,Wy Hya,,DIFF,
2454139.65559,-0.286,,,V,PRX,,195 1434,,,,No,,P,,,,Wy Hya,,DIFF,
2454139.65767,-0.233,,,V,PRX,,195 1434,,,,No,,P,,,,Wy Hya,,DIFF,
2454139.65976,-0.199,,,V,PRX,,195 1434,,,,No,,P,,,,Wy Hya,,DIFF,
2454139.66184,-0.178,,,V,PRX,,195 1434,,,,No,,P,,,,Wy Hya,,DIFF,
2454139.66392,-0.170,,,V,PRX,,195 1434,,,,No,,P,,,,Wy Hya,,DIFF,
2454139.66601,-0.123,,,V,PRX,,195 1434,,,,No,,P,,,,Wy Hya,,DIFF,
2454139.66809,-0.080,,,V,PRX,,195 1434,,,,No,,P,,,,Wy Hya,,DIFF,
2454139.67017,-0.040,,,V,PRX,,195 1434,,,,No,,P,,,,Wy Hya,,DIFF,
2454139.67226,-0.010,,,V,PRX,,195 1434,,,,No,,P,,,,Wy Hya,,DIFF,
2454139.67434,0.026,,,V,PRX,,195 1434,,,,No,,P,,,,Wy Hya,,DIFF,
2454139.67642,0.042,,,V,PRX,,195 1434,,,,No,,P,,,,Wy Hya,,DIFF,
2454139.67851,0.021,,,V,PRX,,195 1434,,,,No,,P,,,,Wy Hya,,DIFF,
2454139.68059,-0.019,,,V,PRX,,195 1434,,,,No,,P,,,,Wy Hya,,DIFF,
2454139.68267,-0.042,,,V,PRX,,195 1434,,,,No,,P,,,,Wy Hya,,DIFF,
2454139.68476,-0.087,,,V,PRX,,195 1434,,,,No,,P,,,,Wy Hya,,DIFF,
2454139.68684,-0.106,,,V,PRX,,195 1434,,,,No,,P,,,,Wy Hya,,DIFF,
2454139.68892,-0.147,,,V,PRX,,195 1434,,,,No,,P,,,,Wy Hya,,DIFF,
2454139.69101,-0.154,,,V,PRX,,195 1434,,,,No,,P,,,,Wy Hya,,DIFF,
2454139.69309,-0.212,,,V,PRX,,195 1434,,,,No,,P,,,,Wy Hya,,DIFF,
2454139.69517,-0.252,,,V,PRX,,195 1434,,,,No,,P,,,,Wy Hya,,DIFF,
2454139.69726,-0.252,,,V,PRX,,195 1434,,,,No,,P,,,,Wy Hya,,DIFF,
2454139.69934,-0.297,,,V,PRX,,195 1434,,,,No,,P,,,,Wy Hya,,DIFF,
2454139.70142,-0.330,,,V,PRX,,195 1434,,,,No,,P,,,,Wy Hya,,DIFF,
2454139.70351,-0.362,,,V,PRX,,195 1434,,,,No,,P,,,,Wy Hya,,DIFF,
2454139.70559,-0.385,,,V,PRX,,195 1434,,,,No,,P,,,,Wy Hya,,DIFF,
2454139.70767,-0.393,,,V,PRX,,195 1434,,,,No,,P,,,,Wy Hya,,DIFF,
2454139.70976,-0.432,,,V,PRX,,195 1434,,,,No,,P,,,,Wy Hya,,DIFF,
2454139.71184,-0.456,,,V,PRX,,195 1434,,,,No,,P,,,,Wy Hya,,DIFF,
2454139.71392,-0.468,,,V,PRX,,195 1434,,,,No,,P,,,,Wy Hya,,DIFF,
2454139.71601,-0.490,,,V,PRX,,195 1434,,,,No,,P,,,,Wy Hya,,DIFF,
2454139.71809,-0.539,,,V,PRX,,195 1434,,,,No,,P,,,,Wy Hya,,DIFF,
2454139.72017,-0.549,,,V,PRX,,195 1434,,,,No,,P,,,,Wy Hya,,DIFF,
2454139.72226,-0.570,,,V,PRX,,195 1434,,,,No,,P,,,,Wy Hya,,DIFF,
2454139.72434,-0.580,,,V,PRX,,195 1434,,,,No,,P,,,,Wy Hya,,DIFF,
2454139.72642,-0.602,,,V,PRX,,195 1434,,,,No,,P,,,,Wy Hya,,DIFF,
2454139.72851,-0.630,,,V,PRX,,195 1434,,,,No,,P,,,,Wy Hya,,DIFF,
2454177.57730,-0.924,,,V,SAH,,0195 1315,,,,No,,P,,,,Wy Hya,,DIFF,
2454177.57910,-0.941,,,V,SAH,,0195 1315,,,,No,,P,,,,Wy Hya,,DIFF,
2454177.58091,-0.938,,,V,SAH,,0195 1315,,,,No,,P,,,,Wy Hya,,DIFF,
2454177.58336,-0.850,,,V,SAH,,0195 1315,,,,No,,P,,,,Wy Hya,,DIFF,
2454177.58460,-0.858,,,V,SAH,,0195 1315,,,,No,,P,,,,Wy Hya,,DIFF,
2454177.58641,-0.878,,,V,SAH,,0195 1315,,,,No,,P,,,,Wy Hya,,DIFF,
2454177.58822,-0.819,,,V,SAH,,0195 1315,,,,No,,P,,,,Wy Hya,,DIFF,
2454177.59067,-0.794,,,V,SAH,,0195 1315,,,,No,,P,,,,Wy Hya,,DIFF,
2454177.59190,-0.836,,,V,SAH,,0195 1315,,,,No,,P,,,,Wy Hya,,DIFF,
2454177.59371,-0.751,,,V,SAH,,0195 1315,,,,No,,P,,,,Wy Hya,,DIFF,
2454177.59553,-0.661,,,V,SAH,,0195 1315,,,,No,,P,,,,Wy Hya,,DIFF,
2454177.59797,-0.640,,,V,SAH,,0195 1315,,,,No,,P,,,,Wy Hya,,DIFF,
2454177.59921,-0.662,,,V,SAH,,0195 1315,,,,No,,P,,,,Wy Hya,,DIFF,
2454177.60101,-0.590,,,V,SAH,,0195 1315,,,,No,,P,,,,Wy Hya,,DIFF,
2454177.60283,-0.669,,,V,SAH,,0195 1315,,,,No,,P,,,,Wy Hya,,DIFF,
2454177.60651,-0.549,,,V,SAH,,0195 1315,,,,No,,P,,,,Wy Hya,,DIFF,
2454177.60832,-0.521,,,V,SAH,,0195 1315,,,,No,,P,,,,Wy Hya,,DIFF,
2454177.61013,-0.452,,,V,SAH,,0195 1315,,,,No,,P,,,,Wy Hya,,DIFF,
2454177.61258,-0.494,,,V,SAH,,0195 1315,,,,No,,P,,,,Wy Hya,,DIFF,
2454177.61381,-0.393,,,V,SAH,,0195 1315,,,,No,,P,,,,Wy Hya,,DIFF,
2454177.61563,-0.312,,,V,SAH,,0195 1315,,,,No,,P,,,,Wy Hya,,DIFF,
2454177.61744,-0.348,,,V,SAH,,0195 1315,,,,No,,P,,,,Wy Hya,,DIFF,
2454177.61989,-0.231,,,V,SAH,,0195 1315,,,,No,,P,,,,Wy Hya,,DIFF,
2454177.62113,-0.187,,,V,SAH,,0195 1315,,,,No,,P,,,,Wy Hya,,DIFF,
2454177.62293,-0.233,,,V,SAH,,0195 1315,,,,No,,P,,,,Wy Hya,,DIFF,
2454177.62474,-0.161,,,V,SAH,,0195 1315,,,,No,,P,,,,Wy Hya,,DIFF,
2454177.62719,-0.219,,,V,SAH,,0195 1315,,,,No,,P,,,,Wy Hya,,DIFF,
2454177.62843,-0.223,,,V,SAH,,0195 1315,,,,No,,P,,,,Wy Hya,,DIFF,
2454177.63024,-0.179,,,V,SAH,,0195 1315,,,,No,,P,,,,Wy Hya,,DIFF,
2454177.63204,-0.207,,,V,SAH,,0195 1315,,,,No,,P,,,,Wy Hya,,DIFF,
2454177.63450,-0.301,,,V,SAH,,0195 1315,,,,No,,P,,,,Wy Hya,,DIFF,
2454177.63574,-0.323,,,V,SAH,,0195 1315,,,,No,,P,,,,Wy Hya,,DIFF,
2454177.63754,-0.328,,,V,SAH,,0195 1315,,,,No,,P,,,,Wy Hya,,DIFF,
2454177.63935,-0.396,,,V,SAH,,0195 1315,,,,No,,P,,,,Wy Hya,,DIFF,
2454177.64304,-0.467,,,V,SAH,,0195 1315,,,,No,,P,,,,Wy Hya,,DIFF,
2454177.64484,-0.498,,,V,SAH,,0195 1315,,,,No,,P,,,,Wy Hya,,DIFF,
2454177.64665,-0.558,,,V,SAH,,0195 1315,,,,No,,P,,,,Wy Hya,,DIFF,
2454177.64910,-0.607,,,V,SAH,,0195 1315,,,,No,,P,,,,Wy Hya,,DIFF,
2454177.65034,-0.594,,,V,SAH,,0195 1315,,,,No,,P,,,,Wy Hya,,DIFF,
2454177.65215,-0.607,,,V,SAH,,0195 1315,,,,No,,P,,,,Wy Hya,,DIFF,
2454177.65396,-0.673,,,V,SAH,,0195 1315,,,,No,,P,,,,Wy Hya,,DIFF,
2454177.65641,-0.740,,,V,SAH,,0195 1315,,,,No,,P,,,,Wy Hya,,DIFF,
2454177.65765,-0.729,,,V,SAH,,0195 1315,,,,No,,P,,,,Wy Hya,,DIFF,
2454177.65945,-0.725,,,V,SAH,,0195 1315,,,,No,,P,,,,Wy Hya,,DIFF,
2454177.66127,-0.854,,,V,SAH,,0195 1315,,,,No,,P,,,,Wy Hya,,DIFF,
2454177.66372,-0.844,,,V,SAH,,0195 1315,,,,No,,P,,,,Wy Hya,,DIFF,
2454177.66496,-0.787,,,V,SAH,,0195 1315,,,,No,,P,,,,Wy Hya,,DIFF,
2454177.66677,-0.845,,,V,SAH,,0195 1315,,,,No,,P,,,,Wy Hya,,DIFF,
2454177.66857,-0.862,,,V,SAH,,0195 1315,,,,No,,P,,,,Wy Hya,,DIFF,
2454177.67102,-0.950,,,V,SAH,,0195 1315,,,,No,,P,,,,Wy Hya,,DIFF,
2454177.67407,-0.894,,,V,SAH,,0195 1315,,,,No,,P,,,,Wy Hya,,DIFF,
2454177.67587,-0.943,,,V,SAH,,0195 1315,,,,No,,P,,,,Wy Hya,,DIFF,
2454177.67833,-0.960,,,V,SAH,,0195 1315,,,,No,,P,,,,Wy Hya,,DIFF,
2454177.67957,-0.971,,,V,SAH,,0195 1315,,,,No,,P,,,,Wy Hya,,DIFF,
2454177.68137,-0.981,,,V,SAH,,0195 1315,,,,No,,P,,,,Wy Hya,,DIFF,
2454177.68318,-1.033,,,V,SAH,,0195 1315,,,,No,,P,,,,Wy Hya,,DIFF,
2454177.68563,-1.033,,,V,SAH,,0195 1315,,,,No,,P,,,,Wy Hya,,DIFF,
2454177.68687,-1.024,,,V,SAH,,0195 1315,,,,No,,P,,,,Wy Hya,,DIFF,
2454177.68868,-0.993,,,V,SAH,,0195 1315,,,,No,,P,,,,Wy Hya,,DIFF,
2454177.69293,-1.068,,,V,SAH,,0195 1315,,,,No,,P,,,,Wy Hya,,DIFF,
2454177.69417,-1.051,,,V,SAH,,0195 1315,,,,No,,P,,,,Wy Hya,,DIFF,
2454177.69780,-1.070,,,V,SAH,,0195 1315,,,,No,,P,,,,Wy Hya,,DIFF,
2454177.70024,-1.051,,,V,SAH,,0195 1315,,,,No,,P,,,,Wy Hya,,DIFF,
2454177.70329,-1.056,,,V,SAH,,0195 1315,,,,No,,P,,,,Wy Hya,,DIFF,
2454177.70755,-1.101,,,V,SAH,,0195 1315,,,,No,,P,,,,Wy Hya,,DIFF,
2454177.70878,-1.102,,,V,SAH,,0195 1315,,,,No,,P,,,,Wy Hya,,DIFF,
2454177.71060,-1.157,,,V,SAH,,0195 1315,,,,No,,P,,,,Wy Hya,,DIFF,
2454177.71486,-1.103,,,V,SAH,,0195 1315,,,,No,,P,,,,Wy Hya,,DIFF,
2454192.60014,-0.700,,,V,PRX,,195 1434,,,,No,,P,,,,Wy Hya,,DIFF,
2454192.60222,-0.667,,,V,PRX,,195 1434,,,,No,,P,,,,Wy Hya,,DIFF,
2454192.60431,-0.694,,,V,PRX,,195 1434,,,,No,,P,,,,Wy Hya,,DIFF,
2454192.60639,-0.665,,,V,PRX,,195 1434,,,,No,,P,,,,Wy Hya,,DIFF,
2454192.60847,-0.582,,,V,PRX,,195 1434,,,,No,,P,,,,Wy Hya,,DIFF,
2454192.61056,-0.567,,,V,PRX,,195 1434,,,,No,,P,,,,Wy Hya,,DIFF,
2454192.61264,-0.568,,,V,PRX,,195 1434,,,,No,,P,,,,Wy Hya,,DIFF,
2454192.61472,-0.543,,,V,PRX,,195 1434,,,,No,,P,,,,Wy Hya,,DIFF,
2454192.61681,-0.508,,,V,PRX,,195 1434,,,,No,,P,,,,Wy Hya,,DIFF,
2454192.61889,-0.487,,,V,PRX,,195 1434,,,,No,,P,,,,Wy Hya,,DIFF,
2454192.62097,-0.476,,,V,PRX,,195 1434,,,,No,,P,,,,Wy Hya,,DIFF,
2454192.62306,-0.461,,,V,PRX,,195 1434,,,,No,,P,,,,Wy Hya,,DIFF,
2454192.62514,-0.494,,,V,PRX,,195 1434,,,,No,,P,,,,Wy Hya,,DIFF,
2454192.62722,-0.460,,,V,PRX,,195 1434,,,,No,,P,,,,Wy Hya,,DIFF,
2454192.62931,-0.434,,,V,PRX,,195 1434,,,,No,,P,,,,Wy Hya,,DIFF,
2454192.63139,-0.429,,,V,PRX,,195 1434,,,,No,,P,,,,Wy Hya,,DIFF,
2454192.63347,-0.378,,,V,PRX,,195 1434,,,,No,,P,,,,Wy Hya,,DIFF,
2454192.63556,-0.370,,,V,PRX,,195 1434,,,,No,,P,,,,Wy Hya,,DIFF,
2454192.63764,-0.352,,,V,PRX,,195 1434,,,,No,,P,,,,Wy Hya,,DIFF,
2454192.63972,-0.313,,,V,PRX,,195 1434,,,,No,,P,,,,Wy Hya,,DIFF,
2454192.64181,-0.288,,,V,PRX,,195 1434,,,,No,,P,,,,Wy Hya,,DIFF,
2454192.64389,-0.274,,,V,PRX,,195 1434,,,,No,,P,,,,Wy Hya,,DIFF,
2454192.64597,-0.223,,,V,PRX,,195 1434,,,,No,,P,,,,Wy Hya,,DIFF,
2454192.64806,-0.192,,,V,PRX,,195 1434,,,,No,,P,,,,Wy Hya,,DIFF,
2454192.65014,-0.158,,,V,PRX,,195 1434,,,,No,,P,,,,Wy Hya,,DIFF,
2454192.65222,-0.126,,,V,PRX,,195 1434,,,,No,,P,,,,Wy Hya,,DIFF,
2454192.65431,-0.089,,,V,PRX,,195 1434,,,,No,,P,,,,Wy Hya,,DIFF,
2454192.65639,-0.042,,,V,PRX,,195 1434,,,,No,,P,,,,Wy Hya,,DIFF,
2454192.65847,-0.024,,,V,PRX,,195 1434,,,,No,,P,,,,Wy Hya,,DIFF,
2454192.66056,0.014,,,V,PRX,,195 1434,,,,No,,P,,,,Wy Hya,,DIFF,
2454192.66264,0.023,,,V,PRX,,195 1434,,,,No,,P,,,,Wy Hya,,DIFF,
2454192.66472,0.032,,,V,PRX,,195 1434,,,,No,,P,,,,Wy Hya,,DIFF,
2454192.66681,0.013,,,V,PRX,,195 1434,,,,No,,P,,,,Wy Hya,,DIFF,
2454192.66889,-0.001,,,V,PRX,,195 1434,,,,No,,P,,,,Wy Hya,,DIFF,
2454192.67097,-0.037,,,V,PRX,,195 1434,,,,No,,P,,,,Wy Hya,,DIFF,
2454192.67306,-0.084,,,V,PRX,,195 1434,,,,No,,P,,,,Wy Hya,,DIFF,
2454192.67514,-0.108,,,V,PRX,,195 1434,,,,No,,P,,,,Wy Hya,,DIFF,
2454192.67722,-0.128,,,V,PRX,,195 1434,,,,No,,P,,,,Wy Hya,,DIFF,
2454192.67931,-0.184,,,V,PRX,,195 1434,,,,No,,P,,,,Wy Hya,,DIFF,
2454192.68139,-0.228,,,V,PRX,,195 1434,,,,No,,P,,,,Wy Hya,,DIFF,
2454192.68347,-0.255,,,V,PRX,,195 1434,,,,No,,P,,,,Wy Hya,,DIFF,
2454192.68556,-0.274,,,V,PRX,,195 1434,,,,No,,P,,,,Wy Hya,,DIFF,
2454192.68764,-0.301,,,V,PRX,,195 1434,,,,No,,P,,,,Wy Hya,,DIFF,
2454192.68972,-0.334,,,V,PRX,,195 1434,,,,No,,P,,,,Wy Hya,,DIFF,
2454192.69181,-0.365,,,V,PRX,,195 1434,,,,No,,P,,,,Wy Hya,,DIFF,
2454192.69389,-0.376,,,V,PRX,,195 1434,,,,No,,P,,,,Wy Hya,,DIFF,
2454192.69597,-0.407,,,V,PRX,,195 1434,,,,No,,P,,,,Wy Hya,,DIFF,
2454192.69806,-0.446,,,V,PRX,,195 1434,,,,No,,P,,,,Wy Hya,,DIFF,
2454192.70014,-0.449,,,V,PRX,,195 1434,,,,No,,P,,,,Wy Hya,,DIFF,
2454192.70222,-0.463,,,V,PRX,,195 1434,,,,No,,P,,,,Wy Hya,,DIFF,
2454192.70431,-0.511,,,V,PRX,,195 1434,,,,No,,P,,,,Wy Hya,,DIFF,
2454192.70639,-0.539,,,V,PRX,,195 1434,,,,No,,P,,,,Wy Hya,,DIFF,
2454192.70847,-0.542,,,V,PRX,,195 1434,,,,No,,P,,,,Wy Hya,,DIFF,
2454192.71056,-0.566,,,V,PRX,,195 1434,,,,No,,P,,,,Wy Hya,,DIFF,
2454192.71264,-0.574,,,V,PRX,,195 1434,,,,No,,P,,,,Wy Hya,,DIFF,
2454192.71472,-0.604,,,V,PRX,,195 1434,,,,No,,P,,,,Wy Hya,,DIFF,
2454192.71681,-0.616,,,V,PRX,,195 1434,,,,No,,P,,,,Wy Hya,,DIFF,
2454192.71889,-0.639,,,V,PRX,,195 1434,,,,No,,P,,,,Wy Hya,,DIFF,
2454192.72097,-0.643,,,V,PRX,,195 1434,,,,No,,P,,,,Wy Hya,,DIFF,
2454192.72306,-0.653,,,V,PRX,,195 1434,,,,No,,P,,,,Wy Hya,,DIFF,
2454192.72514,-0.679,,,V,PRX,,195 1434,,,,No,,P,,,,Wy Hya,,DIFF,
2454192.72722,-0.678,,,V,PRX,,195 1434,,,,No,,P,,,,Wy Hya,,DIFF,
2454192.72931,-0.674,,,V,PRX,,195 1434,,,,No,,P,,,,Wy Hya,,DIFF,
2454192.73139,-0.688,,,V,PRX,,195 1434,,,,No,,P,,,,Wy Hya,,DIFF,
2454212.62230,0.803,,,V,BIZ,,GSC 195 1461,,,,No,,P,,,,Wy Hya,,DIFF,
2454212.62438,0.801,,,V,BIZ,,GSC 195 1461,,,,No,,P,,,,Wy Hya,,DIFF,
2454212.62646,0.799,,,V,BIZ,,GSC 195 1461,,,,No,,P,,,,Wy Hya,,DIFF,
2454212.62855,0.801,,,V,BIZ,,GSC 195 1461,,,,No,,P,,,,Wy Hya,,DIFF,
2454212.63063,0.805,,,V,BIZ,,GSC 195 1461,,,,No,,P,,,,Wy Hya,,DIFF,
2454212.63271,0.823,,,V,BIZ,,GSC 195 1461,,,,No,,P,,,,Wy Hya,,DIFF,
2454212.63480,0.781,,,V,BIZ,,GSC 195 1461,,,,No,,P,,,,Wy Hya,,DIFF,
2454212.63688,0.828,,,V,BIZ,,GSC 195 1461,,,,No,,P,,,,Wy Hya,,DIFF,
2454212.63896,0.817,,,V,BIZ,,GSC 195 1461,,,,No,,P,,,,Wy Hya,,DIFF,
2454212.64105,0.838,,,V,BIZ,,GSC 195 1461,,,,No,,P,,,,Wy Hya,,DIFF,
2454212.64313,0.803,,,V,BIZ,,GSC 195 1461,,,,No,,P,,,,Wy Hya,,DIFF,
2454212.64521,0.820,,,V,BIZ,,GSC 195 1461,,,,No,,P,,,,Wy Hya,,DIFF,
2454212.64730,0.849,,,V,BIZ,,GSC 195 1461,,,,No,,P,,,,Wy Hya,,DIFF,
2454212.64938,0.849,,,V,BIZ,,GSC 195 1461,,,,No,,P,,,,Wy Hya,,DIFF,
2454212.65146,0.866,,,V,BIZ,,GSC 195 1461,,,,No,,P,,,,Wy Hya,,DIFF,
2454212.65355,0.874,,,V,BIZ,,GSC 195 1461,,,,No,,P,,,,Wy Hya,,DIFF,
2454212.65563,0.869,,,V,BIZ,,GSC 195 1461,,,,No,,P,,,,Wy Hya,,DIFF,
2454212.65771,0.887,,,V,BIZ,,GSC 195 1461,,,,No,,P,,,,Wy Hya,,DIFF,
2454212.65980,0.900,,,V,BIZ,,GSC 195 1461,,,,No,,P,,,,Wy Hya,,DIFF,
2454212.66188,0.917,,,V,BIZ,,GSC 195 1461,,,,No,,P,,,,Wy Hya,,DIFF,
2454212.66396,0.927,,,V,BIZ,,GSC 195 1461,,,,No,,P,,,,Wy Hya,,DIFF,
2454212.66605,0.959,,,V,BIZ,,GSC 195 1461,,,,No,,P,,,,Wy Hya,,DIFF,
2454212.66813,0.981,,,V,BIZ,,GSC 195 1461,,,,No,,P,,,,Wy Hya,,DIFF,
2454212.67021,0.995,,,V,BIZ,,GSC 195 1461,,,,No,,P,,,,Wy Hya,,DIFF,
2454212.67230,1.004,,,V,BIZ,,GSC 195 1461,,,,No,,P,,,,Wy Hya,,DIFF,
2454212.67438,1.012,,,V,BIZ,,GSC 195 1461,,,,No,,P,,,,Wy Hya,,DIFF,
2454212.67646,1.050,,,V,BIZ,,GSC 195 1461,,,,No,,P,,,,Wy Hya,,DIFF,
2454212.67855,1.090,,,V,BIZ,,GSC 195 1461,,,,No,,P,,,,Wy Hya,,DIFF,
2454212.68063,1.101,,,V,BIZ,,GSC 195 1461,,,,No,,P,,,,Wy Hya,,DIFF,
2454212.68271,1.128,,,V,BIZ,,GSC 195 1461,,,,No,,P,,,,Wy Hya,,DIFF,
2454212.68480,1.139,,,V,BIZ,,GSC 195 1461,,,,No,,P,,,,Wy Hya,,DIFF,
2454212.68688,1.168,,,V,BIZ,,GSC 195 1461,,,,No,,P,,,,Wy Hya,,DIFF,
2454212.68896,1.204,,,V,BIZ,,GSC 195 1461,,,,No,,P,,,,Wy Hya,,DIFF,
2454212.69105,1.241,,,V,BIZ,,GSC 195 1461,,,,No,,P,,,,Wy Hya,,DIFF,
2454212.69313,1.265,,,V,BIZ,,GSC 195 1461,,,,No,,P,,,,Wy Hya,,DIFF,
2454212.69521,1.286,,,V,BIZ,,GSC 195 1461,,,,No,,P,,,,Wy Hya,,DIFF,
2454212.69730,1.338,,,V,BIZ,,GSC 195 1461,,,,No,,P,,,,Wy Hya,,DIFF,
2454212.69938,1.372,,,V,BIZ,,GSC 195 1461,,,,No,,P,,,,Wy Hya,,DIFF,
2454212.70146,1.404,,,V,BIZ,,GSC 195 1461,,,,No,,P,,,,Wy Hya,,DIFF,
2454212.70355,1.436,,,V,BIZ,,GSC 195 1461,,,,No,,P,,,,Wy Hya,,DIFF,
2454212.70563,1.448,,,V,BIZ,,GSC 195 1461,,,,No,,P,,,,Wy Hya,,DIFF,
2454212.70771,1.491,,,V,BIZ,,GSC 195 1461,,,,No,,P,,,,Wy Hya,,DIFF,
2454212.70980,1.525,,,V,BIZ,,GSC 195 1461,,,,No,,P,,,,Wy Hya,,DIFF,
2454212.71188,1.551,,,V,BIZ,,GSC 195 1461,,,,No,,P,,,,Wy Hya,,DIFF,
2454212.71396,1.553,,,V,BIZ,,GSC 195 1461,,,,No,,P,,,,Wy Hya,,DIFF,
2454212.71605,1.569,,,V,BIZ,,GSC 195 1461,,,,No,,P,,,,Wy Hya,,DIFF,
2454212.71813,1.525,,,V,BIZ,,GSC 195 1461,,,,No,,P,,,,Wy Hya,,DIFF,
2454212.72021,1.492,,,V,BIZ,,GSC 195 1461,,,,No,,P,,,,Wy Hya,,DIFF,
2454212.72230,1.458,,,V,BIZ,,GSC 195 1461,,,,No,,P,,,,Wy Hya,,DIFF,
2454212.72438,1.448,,,V,BIZ,,GSC 195 1461,,,,No,,P,,,,Wy Hya,,DIFF,
2454212.72646,1.414,,,V,BIZ,,GSC 195 1461,,,,No,,P,,,,Wy Hya,,DIFF,
2454212.72855,1.380,,,V,BIZ,,GSC 195 1461,,,,No,,P,,,,Wy Hya,,DIFF,
2454212.73063,1.337,,,V,BIZ,,GSC 195 1461,,,,No,,P,,,,Wy Hya,,DIFF,
2454212.73271,1.290,,,V,BIZ,,GSC 195 1461,,,,No,,P,,,,Wy Hya,,DIFF,
2454212.73480,1.298,,,V,BIZ,,GSC 195 1461,,,,No,,P,,,,Wy Hya,,DIFF,
2454212.73688,1.239,,,V,BIZ,,GSC 195 1461,,,,No,,P,,,,Wy Hya,,DIFF,
2454212.73896,1.230,,,V,BIZ,,GSC 195 1461,,,,No,,P,,,,Wy Hya,,DIFF,
2454212.74105,1.199,,,V,BIZ,,GSC 195 1461,,,,No,,P,,,,Wy Hya,,DIFF,
2454212.74313,1.157,,,V,BIZ,,GSC 195 1461,,,,No,,P,,,,Wy Hya,,DIFF,
2454212.74521,1.124,,,V,BIZ,,GSC 195 1461,,,,No,,P,,,,Wy Hya,,DIFF,
2454527.68785,-0.720,,,V,BIZ,,GSC 195 1434,,,,No,,P,,,,Wy Hya,,DIFF,
2454527.68994,-0.708,,,V,BIZ,,GSC 195 1434,,,,No,,P,,,,Wy Hya,,DIFF,
2454527.69202,-0.685,,,V,BIZ,,GSC 195 1434,,,,No,,P,,,,Wy Hya,,DIFF,
2454527.69410,-0.672,,,V,BIZ,,GSC 195 1434,,,,No,,P,,,,Wy Hya,,DIFF,
2454527.69619,-0.654,,,V,BIZ,,GSC 195 1434,,,,No,,P,,,,Wy Hya,,DIFF,
2454527.69827,-0.639,,,V,BIZ,,GSC 195 1434,,,,No,,P,,,,Wy Hya,,DIFF,
2454527.70035,-0.633,,,V,BIZ,,GSC 195 1434,,,,No,,P,,,,Wy Hya,,DIFF,
2454527.70244,-0.610,,,V,BIZ,,GSC 195 1434,,,,No,,P,,,,Wy Hya,,DIFF,
2454527.70452,-0.595,,,V,BIZ,,GSC 195 1434,,,,No,,P,,,,Wy Hya,,DIFF,
2454527.70660,-0.588,,,V,BIZ,,GSC 195 1434,,,,No,,P,,,,Wy Hya,,DIFF,
2454527.70869,-0.566,,,V,BIZ,,GSC 195 1434,,,,No,,P,,,,Wy Hya,,DIFF,
2454527.71077,-0.532,,,V,BIZ,,GSC 195 1434,,,,No,,P,,,,Wy Hya,,DIFF,
2454527.71285,-0.509,,,V,BIZ,,GSC 195 1434,,,,No,,P,,,,Wy Hya,,DIFF,
2454527.71494,-0.500,,,V,BIZ,,GSC 195 1434,,,,No,,P,,,,Wy Hya,,DIFF,
2454527.71702,-0.479,,,V,BIZ,,GSC 195 1434,,,,No,,P,,,,Wy Hya,,DIFF,
2454527.71910,-0.463,,,V,BIZ,,GSC 195 1434,,,,No,,P,,,,Wy Hya,,DIFF,
2454527.72119,-0.439,,,V,BIZ,,GSC 195 1434,,,,No,,P,,,,Wy Hya,,DIFF,
2454527.72327,-0.408,,,V,BIZ,,GSC 195 1434,,,,No,,P,,,,Wy Hya,,DIFF,
2454527.72535,-0.375,,,V,BIZ,,GSC 195 1434,,,,No,,P,,,,Wy Hya,,DIFF,
2454527.72744,-0.355,,,V,BIZ,,GSC 195 1434,,,,No,,P,,,,Wy Hya,,DIFF,
2454527.72952,-0.329,,,V,BIZ,,GSC 195 1434,,,,No,,P,,,,Wy Hya,,DIFF,
2454527.73160,-0.299,,,V,BIZ,,GSC 195 1434,,,,No,,P,,,,Wy Hya,,DIFF,
2454527.73369,-0.266,,,V,BIZ,,GSC 195 1434,,,,No,,P,,,,Wy Hya,,DIFF,
2454527.73577,-0.237,,,V,BIZ,,GSC 195 1434,,,,No,,P,,,,Wy Hya,,DIFF,
2454527.73785,-0.207,,,V,BIZ,,GSC 195 1434,,,,No,,P,,,,Wy Hya,,DIFF,
2454527.73994,-0.171,,,V,BIZ,,GSC 195 1434,,,,No,,P,,,,Wy Hya,,DIFF,
2454527.74202,-0.132,,,V,BIZ,,GSC 195 1434,,,,No,,P,,,,Wy Hya,,DIFF,
2454527.74410,-0.100,,,V,BIZ,,GSC 195 1434,,,,No,,P,,,,Wy Hya,,DIFF,
2454527.74619,-0.070,,,V,BIZ,,GSC 195 1434,,,,No,,P,,,,Wy Hya,,DIFF,
2454527.74827,-0.028,,,V,BIZ,,GSC 195 1434,,,,No,,P,,,,Wy Hya,,DIFF,
2454527.75035,0.018,,,V,BIZ,,GSC 195 1434,,,,No,,P,,,,Wy Hya,,DIFF,
2454527.75244,0.032,,,V,BIZ,,GSC 195 1434,,,,No,,P,,,,Wy Hya,,DIFF,
2454527.75452,0.045,,,V,BIZ,,GSC 195 1434,,,,No,,P,,,,Wy Hya,,DIFF,
2454527.75660,0.019,,,V,BIZ,,GSC 195 1434,,,,No,,P,,,,Wy Hya,,DIFF,
2454527.75869,0.004,,,V,BIZ,,GSC 195 1434,,,,No,,P,,,,Wy Hya,,DIFF,
2454527.76077,-0.053,,,V,BIZ,,GSC 195 1434,,,,No,,P,,,,Wy Hya,,DIFF,
2454527.76285,-0.073,,,V,BIZ,,GSC 195 1434,,,,No,,P,,,,Wy Hya,,DIFF,
2454527.76494,-0.121,,,V,BIZ,,GSC 195 1434,,,,No,,P,,,,Wy Hya,,DIFF,
2454527.76702,-0.147,,,V,BIZ,,GSC 195 1434,,,,No,,P,,,,Wy Hya,,DIFF,
2454527.76910,-0.189,,,V,BIZ,,GSC 195 1434,,,,No,,P,,,,Wy Hya,,DIFF,
2454527.77119,-0.220,,,V,BIZ,,GSC 195 1434,,,,No,,P,,,,Wy Hya,,DIFF,
2454527.77327,-0.234,,,V,BIZ,,GSC 195 1434,,,,No,,P,,,,Wy Hya,,DIFF,
2454527.77535,-0.275,,,V,BIZ,,GSC 195 1434,,,,No,,P,,,,Wy Hya,,DIFF,
2454527.77744,-0.310,,,V,BIZ,,GSC 195 1434,,,,No,,P,,,,Wy Hya,,DIFF,
2454527.77952,-0.338,,,V,BIZ,,GSC 195 1434,,,,No,,P,,,,Wy Hya,,DIFF,
2454527.78160,-0.369,,,V,BIZ,,GSC 195 1434,,,,No,,P,,,,Wy Hya,,DIFF,
2454527.78369,-0.395,,,V,BIZ,,GSC 195 1434,,,,No,,P,,,,Wy Hya,,DIFF,
2454527.78577,-0.417,,,V,BIZ,,GSC 195 1434,,,,No,,P,,,,Wy Hya,,DIFF,
2454527.78785,-0.439,,,V,BIZ,,GSC 195 1434,,,,No,,P,,,,Wy Hya,,DIFF,
2454527.78994,-0.455,,,V,BIZ,,GSC 195 1434,,,,No,,P,,,,Wy Hya,,DIFF,
2454527.79202,-0.498,,,V,BIZ,,GSC 195 1434,,,,No,,P,,,,Wy Hya,,DIFF,
2454527.79410,-0.501,,,V,BIZ,,GSC 195 1434,,,,No,,P,,,,Wy Hya,,DIFF,
2454527.79619,-0.524,,,V,BIZ,,GSC 195 1434,,,,No,,P,,,,Wy Hya,,DIFF,
2454527.79827,-0.535,,,V,BIZ,,GSC 195 1434,,,,No,,P,,,,Wy Hya,,DIFF,
2454527.80035,-0.572,,,V,BIZ,,GSC 195 1434,,,,No,,P,,,,Wy Hya,,DIFF,
2454527.80244,-0.580,,,V,BIZ,,GSC 195 1434,,,,No,,P,,,,Wy Hya,,DIFF,
2454527.80452,-0.590,,,V,BIZ,,GSC 195 1434,,,,No,,P,,,,Wy Hya,,DIFF,
2454527.80660,-0.621,,,V,BIZ,,GSC 195 1434,,,,No,,P,,,,Wy Hya,,DIFF,
2454527.80869,-0.628,,,V,BIZ,,GSC 195 1434,,,,No,,P,,,,Wy Hya,,DIFF,
2454527.81077,-0.659,,,V,BIZ,,GSC 195 1434,,,,No,,P,,,,Wy Hya,,DIFF,
2454532.70727,-0.645,,,V,BIZ,,GSC 195 1434,,,,No,,P,,,,Wy Hya,,DIFF,
2454532.70936,-0.647,,,V,BIZ,,GSC 195 1434,,,,No,,P,,,,Wy Hya,,DIFF,
2454532.71144,-0.631,,,V,BIZ,,GSC 195 1434,,,,No,,P,,,,Wy Hya,,DIFF,
2454532.71352,-0.608,,,V,BIZ,,GSC 195 1434,,,,No,,P,,,,Wy Hya,,DIFF,
2454532.71561,-0.607,,,V,BIZ,,GSC 195 1434,,,,No,,P,,,,Wy Hya,,DIFF,
2454532.71769,-0.583,,,V,BIZ,,GSC 195 1434,,,,No,,P,,,,Wy Hya,,DIFF,
2454532.71977,-0.565,,,V,BIZ,,GSC 195 1434,,,,No,,P,,,,Wy Hya,,DIFF,
2454532.72186,-0.556,,,V,BIZ,,GSC 195 1434,,,,No,,P,,,,Wy Hya,,DIFF,
2454532.72394,-0.523,,,V,BIZ,,GSC 195 1434,,,,No,,P,,,,Wy Hya,,DIFF,
2454532.72602,-0.501,,,V,BIZ,,GSC 195 1434,,,,No,,P,,,,Wy Hya,,DIFF,
2454532.72811,-0.464,,,V,BIZ,,GSC 195 1434,,,,No,,P,,,,Wy Hya,,DIFF,
2454532.73019,-0.447,,,V,BIZ,,GSC 195 1434,,,,No,,P,,,,Wy Hya,,DIFF,
2454532.73227,-0.425,,,V,BIZ,,GSC 195 1434,,,,No,,P,,,,Wy Hya,,DIFF,
2454532.73436,-0.398,,,V,BIZ,,GSC 195 1434,,,,No,,P,,,,Wy Hya,,DIFF,
2454532.73644,-0.376,,,V,BIZ,,GSC 195 1434,,,,No,,P,,,,Wy Hya,,DIFF,
2454532.73852,-0.354,,,V,BIZ,,GSC 195 1434,,,,No,,P,,,,Wy Hya,,DIFF,
2454532.74061,-0.329,,,V,BIZ,,GSC 195 1434,,,,No,,P,,,,Wy Hya,,DIFF,
2454532.74269,-0.316,,,V,BIZ,,GSC 195 1434,,,,No,,P,,,,Wy Hya,,DIFF,
2454532.74477,-0.266,,,V,BIZ,,GSC 195 1434,,,,No,,P,,,,Wy Hya,,DIFF,
2454532.74686,-0.239,,,V,BIZ,,GSC 195 1434,,,,No,,P,,,,Wy Hya,,DIFF,
2454532.74894,-0.204,,,V,BIZ,,GSC 195 1434,,,,No,,P,,,,Wy Hya,,DIFF,
2454532.75102,-0.157,,,V,BIZ,,GSC 195 1434,,,,No,,P,,,,Wy Hya,,DIFF,
2454532.75311,-0.134,,,V,BIZ,,GSC 195 1434,,,,No,,P,,,,Wy Hya,,DIFF,
2454532.75519,-0.118,,,V,BIZ,,GSC 195 1434,,,,No,,P,,,,Wy Hya,,DIFF,
2454532.75727,-0.063,,,V,BIZ,,GSC 195 1434,,,,No,,P,,,,Wy Hya,,DIFF,
2454532.75936,-0.053,,,V,BIZ,,GSC 195 1434,,,,No,,P,,,,Wy Hya,,DIFF,
2454532.76144,-0.009,,,V,BIZ,,GSC 195 1434,,,,No,,P,,,,Wy Hya,,DIFF,
2454532.76352,0.027,,,V,BIZ,,GSC 195 1434,,,,No,,P,,,,Wy Hya,,DIFF,
2454532.76561,0.045,,,V,BIZ,,GSC 195 1434,,,,No,,P,,,,Wy Hya,,DIFF,
2454532.76769,0.048,,,V,BIZ,,GSC 195 1434,,,,No,,P,,,,Wy Hya,,DIFF,
2454532.76977,0.019,,,V,BIZ,,GSC 195 1434,,,,No,,P,,,,Wy Hya,,DIFF,
2454532.77186,-0.017,,,V,BIZ,,GSC 195 1434,,,,No,,P,,,,Wy Hya,,DIFF,
2454532.77394,-0.069,,,V,BIZ,,GSC 195 1434,,,,No,,P,,,,Wy Hya,,DIFF,
2454532.77602,-0.087,,,V,BIZ,,GSC 195 1434,,,,No,,P,,,,Wy Hya,,DIFF,
2454532.77811,-0.113,,,V,BIZ,,GSC 195 1434,,,,No,,P,,,,Wy Hya,,DIFF,
2454532.78019,-0.153,,,V,BIZ,,GSC 195 1434,,,,No,,P,,,,Wy Hya,,DIFF,
2454532.78227,-0.234,,,V,BIZ,,GSC 195 1434,,,,No,,P,,,,Wy Hya,,DIFF,
2454532.78436,-0.221,,,V,BIZ,,GSC 195 1434,,,,No,,P,,,,Wy Hya,,DIFF,
2454532.78644,-0.251,,,V,BIZ,,GSC 195 1434,,,,No,,P,,,,Wy Hya,,DIFF,
2454532.78852,-0.276,,,V,BIZ,,GSC 195 1434,,,,No,,P,,,,Wy Hya,,DIFF,
2454532.79061,-0.303,,,V,BIZ,,GSC 195 1434,,,,No,,P,,,,Wy Hya,,DIFF,
2454532.79269,-0.338,,,V,BIZ,,GSC 195 1434,,,,No,,P,,,,Wy Hya,,DIFF,
2454532.79477,-0.382,,,V,BIZ,,GSC 195 1434,,,,No,,P,,,,Wy Hya,,DIFF,
2454532.79686,-0.403,,,V,BIZ,,GSC 195 1434,,,,No,,P,,,,Wy Hya,,DIFF,
2454532.79894,-0.405,,,V,BIZ,,GSC 195 1434,,,,No,,P,,,,Wy Hya,,DIFF,
2454532.80102,-0.427,,,V,BIZ,,GSC 195 1434,,,,No,,P,,,,Wy Hya,,DIFF,
2454532.80311,-0.444,,,V,BIZ,,GSC 195 1434,,,,No,,P,,,,Wy Hya,,DIFF,
2454532.80519,-0.501,,,V,BIZ,,GSC 195 1434,,,,No,,P,,,,Wy Hya,,DIFF,
2454532.80727,-0.527,,,V,BIZ,,GSC 195 1434,,,,No,,P,,,,Wy Hya,,DIFF,
2454532.80936,-0.516,,,V,BIZ,,GSC 195 1434,,,,No,,P,,,,Wy Hya,,DIFF,
2454532.81144,-0.540,,,V,BIZ,,GSC 195 1434,,,,No,,P,,,,Wy Hya,,DIFF,
2454532.81352,-0.561,,,V,BIZ,,GSC 195 1434,,,,No,,P,,,,Wy Hya,,DIFF,
2454532.81561,-0.611,,,V,BIZ,,GSC 195 1434,,,,No,,P,,,,Wy Hya,,DIFF,
2454532.81769,-0.589,,,V,BIZ,,GSC 195 1434,,,,No,,P,,,,Wy Hya,,DIFF,
2454532.81977,-0.608,,,V,BIZ,,GSC 195 1434,,,,No,,P,,,,Wy Hya,,DIFF,
2454532.82186,-0.622,,,V,BIZ,,GSC 195 1434,,,,No,,P,,,,Wy Hya,,DIFF,
2454532.82394,-0.623,,,V,BIZ,,GSC 195 1434,,,,No,,P,,,,Wy Hya,,DIFF,
2454532.82602,-0.662,,,V,BIZ,,GSC 195 1434,,,,No,,P,,,,Wy Hya,,DIFF,
2454532.82811,-0.697,,,V,BIZ,,GSC 195 1434,,,,No,,P,,,,Wy Hya,,DIFF,
2454532.83019,-0.675,,,V,BIZ,,GSC 195 1434,,,,No,,P,,,,Wy Hya,,DIFF,
2454540.588,-0.619,,,V,PRX,,195 1434,,,,No,,P,,,,Wy Hya,,DIFF,
2454540.59,-0.598,,,V,PRX,,195 1434,,,,No,,P,,,,Wy Hya,,DIFF,
2454540.592,-0.629,,,V,PRX,,195 1434,,,,No,,P,,,,Wy Hya,,DIFF,
2454540.594,-0.608,,,V,PRX,,195 1434,,,,No,,P,,,,Wy Hya,,DIFF,
2454540.596,-0.566,,,V,PRX,,195 1434,,,,No,,P,,,,Wy Hya,,DIFF,
2454540.598,-0.571,,,V,PRX,,195 1434,,,,No,,P,,,,Wy Hya,,DIFF,
2454540.6,-0.544,,,V,PRX,,195 1434,,,,No,,P,,,,Wy Hya,,DIFF,
2454540.602,-0.518,,,V,PRX,,195 1434,,,,No,,P,,,,Wy Hya,,DIFF,
2454540.604,-0.499,,,V,PRX,,195 1434,,,,No,,P,,,,Wy Hya,,DIFF,
2454540.606,-0.464,,,V,PRX,,195 1434,,,,No,,P,,,,Wy Hya,,DIFF,
2454540.609,-0.467,,,V,PRX,,195 1434,,,,No,,P,,,,Wy Hya,,DIFF,
2454540.611,-0.436,,,V,PRX,,195 1434,,,,No,,P,,,,Wy Hya,,DIFF,
2454540.613,-0.416,,,V,PRX,,195 1434,,,,No,,P,,,,Wy Hya,,DIFF,
2454540.615,-0.379,,,V,PRX,,195 1434,,,,No,,P,,,,Wy Hya,,DIFF,
2454540.617,-0.341,,,V,PRX,,195 1434,,,,No,,P,,,,Wy Hya,,DIFF,
2454540.619,-0.31,,,V,PRX,,195 1434,,,,No,,P,,,,Wy Hya,,DIFF,
2454540.621,-0.3,,,V,PRX,,195 1434,,,,No,,P,,,,Wy Hya,,DIFF,
2454540.623,-0.252,,,V,PRX,,195 1434,,,,No,,P,,,,Wy Hya,,DIFF,
2454540.625,-0.228,,,V,PRX,,195 1434,,,,No,,P,,,,Wy Hya,,DIFF,
2454540.627,-0.193,,,V,PRX,,195 1434,,,,No,,P,,,,Wy Hya,,DIFF,
2454540.629,-0.178,,,V,PRX,,195 1434,,,,No,,P,,,,Wy Hya,,DIFF,
2454540.631,-0.118,,,V,PRX,,195 1434,,,,No,,P,,,,Wy Hya,,DIFF,
2454540.634,-0.097,,,V,PRX,,195 1434,,,,No,,P,,,,Wy Hya,,DIFF,
2454540.636,-0.053,,,V,PRX,,195 1434,,,,No,,P,,,,Wy Hya,,DIFF,
2454540.638,-0.021,,,V,PRX,,195 1434,,,,No,,P,,,,Wy Hya,,DIFF,
2454540.64,0.014,,,V,PRX,,195 1434,,,,No,,P,,,,Wy Hya,,DIFF,
2454540.642,0.035,,,V,PRX,,195 1434,,,,No,,P,,,,Wy Hya,,DIFF,
2454540.644,0.024,,,V,PRX,,195 1434,,,,No,,P,,,,Wy Hya,,DIFF,
2454540.646,0.003,,,V,PRX,,195 1434,,,,No,,P,,,,Wy Hya,,DIFF,
2454540.648,-0.039,,,V,PRX,,195 1434,,,,No,,P,,,,Wy Hya,,DIFF,
2454540.65,-0.046,,,V,PRX,,195 1434,,,,No,,P,,,,Wy Hya,,DIFF,
2454540.652,-0.08,,,V,PRX,,195 1434,,,,No,,P,,,,Wy Hya,,DIFF,
2454540.654,-0.129,,,V,PRX,,195 1434,,,,No,,P,,,,Wy Hya,,DIFF,
2454540.656,-0.158,,,V,PRX,,195 1434,,,,No,,P,,,,Wy Hya,,DIFF,
2454540.659,-0.198,,,V,PRX,,195 1434,,,,No,,P,,,,Wy Hya,,DIFF,
2454540.661,-0.217,,,V,PRX,,195 1434,,,,No,,P,,,,Wy Hya,,DIFF,
2454540.663,-0.25,,,V,PRX,,195 1434,,,,No,,P,,,,Wy Hya,,DIFF,
2454540.665,-0.29,,,V,PRX,,195 1434,,,,No,,P,,,,Wy Hya,,DIFF,
2454540.667,-0.31,,,V,PRX,,195 1434,,,,No,,P,,,,Wy Hya,,DIFF,
2454540.669,-0.339,,,V,PRX,,195 1434,,,,No,,P,,,,Wy Hya,,DIFF,
2454540.671,-0.366,,,V,PRX,,195 1434,,,,No,,P,,,,Wy Hya,,DIFF,
2454540.673,-0.38,,,V,PRX,,195 1434,,,,No,,P,,,,Wy Hya,,DIFF,
2454540.677,-0.5,,,V,PRX,,195 1434,,,,No,,P,,,,Wy Hya,,DIFF,
2454540.679,-0.515,,,V,PRX,,195 1434,,,,No,,P,,,,Wy Hya,,DIFF,
2454540.681,-0.533,,,V,PRX,,195 1434,,,,No,,P,,,,Wy Hya,,DIFF,
2454540.684,-0.537,,,V,PRX,,195 1434,,,,No,,P,,,,Wy Hya,,DIFF,
2454540.686,-0.568,,,V,PRX,,195 1434,,,,No,,P,,,,Wy Hya,,DIFF,
2454540.688,-0.594,,,V,PRX,,195 1434,,,,No,,P,,,,Wy Hya,,DIFF,
2454540.69,-0.579,,,V,PRX,,195 1434,,,,No,,P,,,,Wy Hya,,DIFF,
2454540.692,-0.59,,,V,PRX,,195 1434,,,,No,,P,,,,Wy Hya,,DIFF,
2454540.694,-0.602,,,V,PRX,,195 1434,,,,No,,P,,,,Wy Hya,,DIFF,
2454540.696,-0.625,,,V,PRX,,195 1434,,,,No,,P,,,,Wy Hya,,DIFF,
2454540.698,-0.637,,,V,PRX,,195 1434,,,,No,,P,,,,Wy Hya,,DIFF,
2454540.7,-0.645,,,V,PRX,,195 1434,,,,No,,P,,,,Wy Hya,,DIFF,
2454540.702,-0.669,,,V,PRX,,195 1434,,,,No,,P,,,,Wy Hya,,DIFF,
2454540.704,-0.693,,,V,PRX,,195 1434,,,,No,,P,,,,Wy Hya,,DIFF,
2454540.706,-0.688,,,V,PRX,,195 1434,,,,No,,P,,,,Wy Hya,,DIFF,
2454540.709,-0.701,,,V,PRX,,195 1434,,,,No,,P,,,,Wy Hya,,DIFF,
2454540.711,-0.715,,,V,PRX,,195 1434,,,,No,,P,,,,Wy Hya,,DIFF,
2454540.713,-0.706,,,V,PRX,,195 1434,,,,No,,P,,,,Wy Hya,,DIFF,
2454540.715,-0.72,,,V,PRX,,195 1434,,,,No,,P,,,,Wy Hya,,DIFF,
2454540.717,-0.724,,,V,PRX,,195 1434,,,,No,,P,,,,Wy Hya,,DIFF,
2454540.719,-0.715,,,V,PRX,,195 1434,,,,No,,P,,,,Wy Hya,,DIFF,
2454540.721,-0.723,,,V,PRX,,195 1434,,,,No,,P,,,,Wy Hya,,DIFF,
2454540.723,-0.728,,,V,PRX,,195 1434,,,,No,,P,,,,Wy Hya,,DIFF,
2454825.92576,-0.615,,,V,SAH,,0195 1315,,,,No,,P,,,,Wy Hya,,DIFF,
2454825.92749,-0.588,,,V,SAH,,0195 1315,,,,No,,P,,,,Wy Hya,,DIFF,
2454825.92923,-0.571,,,V,SAH,,0195 1315,,,,No,,P,,,,Wy Hya,,DIFF,
2454825.93097,-0.553,,,V,SAH,,0195 1315,,,,No,,P,,,,Wy Hya,,DIFF,
2454825.93325,-0.538,,,V,SAH,,0195 1315,,,,No,,P,,,,Wy Hya,,DIFF,
2454825.93444,-0.516,,,V,SAH,,0195 1315,,,,No,,P,,,,Wy Hya,,DIFF,
2454825.93618,-0.522,,,V,SAH,,0195 1315,,,,No,,P,,,,Wy Hya,,DIFF,
2454825.93791,-0.482,,,V,SAH,,0195 1315,,,,No,,P,,,,Wy Hya,,DIFF,
2454825.94019,-0.423,,,V,SAH,,0195 1315,,,,No,,P,,,,Wy Hya,,DIFF,
2454825.94138,-0.435,,,V,SAH,,0195 1315,,,,No,,P,,,,Wy Hya,,DIFF,
2454825.94312,-0.423,,,V,SAH,,0195 1315,,,,No,,P,,,,Wy Hya,,DIFF,
2454825.94486,-0.401,,,V,SAH,,0195 1315,,,,No,,P,,,,Wy Hya,,DIFF,
2454825.94714,-0.377,,,V,SAH,,0195 1315,,,,No,,P,,,,Wy Hya,,DIFF,
2454825.94833,-0.328,,,V,SAH,,0195 1315,,,,No,,P,,,,Wy Hya,,DIFF,
2454825.95006,-0.317,,,V,SAH,,0195 1315,,,,No,,P,,,,Wy Hya,,DIFF,
2454825.95180,-0.307,,,V,SAH,,0195 1315,,,,No,,P,,,,Wy Hya,,DIFF,
2454825.95408,-0.262,,,V,SAH,,0195 1315,,,,No,,P,,,,Wy Hya,,DIFF,
2454825.95527,-0.255,,,V,SAH,,0195 1315,,,,No,,P,,,,Wy Hya,,DIFF,
2454825.95701,-0.225,,,V,SAH,,0195 1315,,,,No,,P,,,,Wy Hya,,DIFF,
2454825.95874,-0.200,,,V,SAH,,0195 1315,,,,No,,P,,,,Wy Hya,,DIFF,
2454825.96102,-0.153,,,V,SAH,,0195 1315,,,,No,,P,,,,Wy Hya,,DIFF,
2454825.96222,-0.114,,,V,SAH,,0195 1315,,,,No,,P,,,,Wy Hya,,DIFF,
2454825.96395,-0.093,,,V,SAH,,0195 1315,,,,No,,P,,,,Wy Hya,,DIFF,
2454825.96569,-0.098,,,V,SAH,,0195 1315,,,,No,,P,,,,Wy Hya,,DIFF,
2454825.96797,-0.061,,,V,SAH,,0195 1315,,,,No,,P,,,,Wy Hya,,DIFF,
2454825.96916,-0.041,,,V,SAH,,0195 1315,,,,No,,P,,,,Wy Hya,,DIFF,
2454825.97090,-0.004,,,V,SAH,,0195 1315,,,,No,,P,,,,Wy Hya,,DIFF,
2454825.97263,-0.024,,,V,SAH,,0195 1315,,,,No,,P,,,,Wy Hya,,DIFF,
2454825.97491,-0.059,,,V,SAH,,0195 1315,,,,No,,P,,,,Wy Hya,,DIFF,
2454825.97611,-0.080,,,V,SAH,,0195 1315,,,,No,,P,,,,Wy Hya,,DIFF,
2454825.97784,-0.105,,,V,SAH,,0195 1315,,,,No,,P,,,,Wy Hya,,DIFF,
2454825.97958,-0.139,,,V,SAH,,0195 1315,,,,No,,P,,,,Wy Hya,,DIFF,
2454825.98186,-0.168,,,V,SAH,,0195 1315,,,,No,,P,,,,Wy Hya,,DIFF,
2454825.98305,-0.192,,,V,SAH,,0195 1315,,,,No,,P,,,,Wy Hya,,DIFF,
2454825.98479,-0.214,,,V,SAH,,0195 1315,,,,No,,P,,,,Wy Hya,,DIFF,
2454825.98652,-0.217,,,V,SAH,,0195 1315,,,,No,,P,,,,Wy Hya,,DIFF,
2454825.98880,-0.287,,,V,SAH,,0195 1315,,,,No,,P,,,,Wy Hya,,DIFF,
2454825.98999,-0.295,,,V,SAH,,0195 1315,,,,No,,P,,,,Wy Hya,,DIFF,
2454825.99173,-0.313,,,V,SAH,,0195 1315,,,,No,,P,,,,Wy Hya,,DIFF,
2454825.99347,-0.332,,,V,SAH,,0195 1315,,,,No,,P,,,,Wy Hya,,DIFF,
2454825.99575,-0.393,,,V,SAH,,0195 1315,,,,No,,P,,,,Wy Hya,,DIFF,
2454825.99694,-0.395,,,V,SAH,,0195 1315,,,,No,,P,,,,Wy Hya,,DIFF,
2454825.99868,-0.416,,,V,SAH,,0195 1315,,,,No,,P,,,,Wy Hya,,DIFF,
2454826.00041,-0.443,,,V,SAH,,0195 1315,,,,No,,P,,,,Wy Hya,,DIFF,
2454826.00269,-0.471,,,V,SAH,,0195 1315,,,,No,,P,,,,Wy Hya,,DIFF,
2454826.00388,-0.479,,,V,SAH,,0195 1315,,,,No,,P,,,,Wy Hya,,DIFF,
2454826.00562,-0.490,,,V,SAH,,0195 1315,,,,No,,P,,,,Wy Hya,,DIFF,
2454826.00736,-0.528,,,V,SAH,,0195 1315,,,,No,,P,,,,Wy Hya,,DIFF,
2454826.01083,-0.546,,,V,SAH,,0195 1315,,,,No,,P,,,,Wy Hya,,DIFF,
2454826.01256,-0.561,,,V,SAH,,0195 1315,,,,No,,P,,,,Wy Hya,,DIFF,
2454826.01430,-0.577,,,V,SAH,,0195 1315,,,,No,,P,,,,Wy Hya,,DIFF,
2454826.01658,-0.606,,,V,SAH,,0195 1315,,,,No,,P,,,,Wy Hya,,DIFF,
2454826.01777,-0.616,,,V,SAH,,0195 1315,,,,No,,P,,,,Wy Hya,,DIFF,
2454826.01951,-0.621,,,V,SAH,,0195 1315,,,,No,,P,,,,Wy Hya,,DIFF,
2454826.02124,-0.658,,,V,SAH,,0195 1315,,,,No,,P,,,,Wy Hya,,DIFF,
2454826.02352,-0.676,,,V,SAH,,0195 1315,,,,No,,P,,,,Wy Hya,,DIFF,
2454826.02472,-0.663,,,V,SAH,,0195 1315,,,,No,,P,,,,Wy Hya,,DIFF,
2454826.02645,-0.670,,,V,SAH,,0195 1315,,,,No,,P,,,,Wy Hya,,DIFF,
2454826.02819,-0.665,,,V,SAH,,0195 1315,,,,No,,P,,,,Wy Hya,,DIFF,
2454826.03047,-0.699,,,V,SAH,,0195 1315,,,,No,,P,,,,Wy Hya,,DIFF,
2454826.03166,-0.692,,,V,SAH,,0195 1315,,,,No,,P,,,,Wy Hya,,DIFF,
2454826.03513,-0.725,,,V,SAH,,0195 1315,,,,No,,P,,,,Wy Hya,,DIFF,
2454826.03741,-0.736,,,V,SAH,,0195 1315,,,,No,,P,,,,Wy Hya,,DIFF,
2454826.03861,-0.745,,,V,SAH,,0195 1315,,,,No,,P,,,,Wy Hya,,DIFF,
2454826.04034,-0.742,,,V,SAH,,0195 1315,,,,No,,P,,,,Wy Hya,,DIFF,
2454826.04208,-0.739,,,V,SAH,,0195 1315,,,,No,,P,,,,Wy Hya,,DIFF,
2454864.58880,0.970,0.009,,V,PRX,,TYC 195 1461,TYC 195 1403,,,No,3.447,P,16.627,17.954,,Wy Hya,,DIFF,
2454864.59088,0.947,0.009,,V,PRX,,TYC 195 1461,TYC 195 1403,,,No,3.329,P,16.569,17.932,,Wy Hya,,DIFF,
2454864.59296,1.026,0.009,,V,PRX,,TYC 195 1461,TYC 195 1403,,,No,3.219,P,16.575,17.925,,Wy Hya,,DIFF,
2454864.59505,1.079,0.009,,V,PRX,,TYC 195 1461,TYC 195 1403,,,No,3.116,P,16.536,17.887,,Wy Hya,,DIFF,
2454864.59713,1.066,0.009,,V,PRX,,TYC 195 1461,TYC 195 1403,,,No,3.021,P,16.552,17.865,,Wy Hya,,DIFF,
2454864.59921,1.082,0.009,,V,PRX,,TYC 195 1461,TYC 195 1403,,,No,2.932,P,16.526,17.880,,Wy Hya,,DIFF,
2454864.60130,1.108,0.009,,V,PRX,,TYC 195 1461,TYC 195 1403,,,No,2.847,P,16.517,17.832,,Wy Hya,,DIFF,
2454864.60338,1.155,0.009,,V,PRX,,TYC 195 1461,TYC 195 1403,,,No,2.769,P,16.479,17.801,,Wy Hya,,DIFF,
2454864.60546,1.170,0.009,,V,PRX,,TYC 195 1461,TYC 195 1403,,,No,2.694,P,16.502,17.826,,Wy Hya,,DIFF,
2454864.60755,1.209,0.009,,V,PRX,,TYC 195 1461,TYC 195 1403,,,No,2.624,P,16.455,17.764,,Wy Hya,,DIFF,
2454864.60963,1.203,0.009,,V,PRX,,TYC 195 1461,TYC 195 1403,,,No,2.558,P,16.449,17.763,,Wy Hya,,DIFF,
2454864.61171,1.214,0.009,,V,PRX,,TYC 195 1461,TYC 195 1403,,,No,2.496,P,16.479,17.786,,Wy Hya,,DIFF,
2454864.61380,1.306,0.009,,V,PRX,,TYC 195 1461,TYC 195 1403,,,No,2.437,P,16.404,17.757,,Wy Hya,,DIFF,
2454864.61588,1.345,0.010,,V,PRX,,TYC 195 1461,TYC 195 1403,,,No,2.381,P,16.398,17.769,,Wy Hya,,DIFF,
2454864.61796,1.347,0.009,,V,PRX,,TYC 195 1461,TYC 195 1403,,,No,2.328,P,16.402,17.752,,Wy Hya,,DIFF,
2454864.62005,1.384,0.010,,V,PRX,,TYC 195 1461,TYC 195 1403,,,No,2.278,P,16.390,17.720,,Wy Hya,,DIFF,
2454864.62213,1.408,0.010,,V,PRX,,TYC 195 1461,TYC 195 1403,,,No,2.230,P,16.373,17.709,,Wy Hya,,DIFF,
2454864.62421,1.449,0.010,,V,PRX,,TYC 195 1461,TYC 195 1403,,,No,2.184,P,16.360,17.721,,Wy Hya,,DIFF,
2454864.62630,1.487,0.010,,V,PRX,,TYC 195 1461,TYC 195 1403,,,No,2.141,P,16.356,17.702,,Wy Hya,,DIFF,
2454864.62838,1.515,0.010,,V,PRX,,TYC 195 1461,TYC 195 1403,,,No,2.100,P,16.363,17.715,,Wy Hya,,DIFF,
2454864.63046,1.552,0.010,,V,PRX,,TYC 195 1461,TYC 195 1403,,,No,2.060,P,16.344,17.694,,Wy Hya,,DIFF,
2454864.63255,1.559,0.011,,V,PRX,,TYC 195 1461,TYC 195 1403,,,No,2.023,P,16.365,17.688,,Wy Hya,,DIFF,
2454864.63463,1.590,0.011,,V,PRX,,TYC 195 1461,TYC 195 1403,,,No,1.987,P,16.332,17.692,,Wy Hya,,DIFF,
2454864.63671,1.585,0.010,,V,PRX,,TYC 195 1461,TYC 195 1403,,,No,1.952,P,16.326,17.675,,Wy Hya,,DIFF,
2454864.63880,1.569,0.010,,V,PRX,,TYC 195 1461,TYC 195 1403,,,No,1.919,P,16.319,17.664,,Wy Hya,,DIFF,
2454864.64088,1.550,0.010,,V,PRX,,TYC 195 1461,TYC 195 1403,,,No,1.888,P,16.314,17.668,,Wy Hya,,DIFF,
2454864.64296,1.497,0.010,,V,PRX,,TYC 195 1461,TYC 195 1403,,,No,1.858,P,16.299,17.645,,Wy Hya,,DIFF,
2454864.64505,1.460,0.009,,V,PRX,,TYC 195 1461,TYC 195 1403,,,No,1.829,P,16.310,17.664,,Wy Hya,,DIFF,
2454864.64713,1.436,0.009,,V,PRX,,TYC 195 1461,TYC 195 1403,,,No,1.801,P,16.311,17.646,,Wy Hya,,DIFF,
2454864.64921,1.420,0.009,,V,PRX,,TYC 195 1461,TYC 195 1403,,,No,1.774,P,16.286,17.642,,Wy Hya,,DIFF,
2454864.65130,1.374,0.009,,V,PRX,,TYC 195 1461,TYC 195 1403,,,No,1.749,P,16.291,17.631,,Wy Hya,,DIFF,
2454864.65338,1.355,0.009,,V,PRX,,TYC 195 1461,TYC 195 1403,,,No,1.724,P,16.286,17.646,,Wy Hya,,DIFF,
2454864.65546,1.326,0.009,,V,PRX,,TYC 195 1461,TYC 195 1403,,,No,1.701,P,16.278,17.649,,Wy Hya,,DIFF,
2454864.65755,1.263,0.008,,V,PRX,,TYC 195 1461,TYC 195 1403,,,No,1.678,P,16.293,17.630,,Wy Hya,,DIFF,
2454864.65963,1.245,0.008,,V,PRX,,TYC 195 1461,TYC 195 1403,,,No,1.656,P,16.265,17.621,,Wy Hya,,DIFF,
2454864.66171,1.204,0.008,,V,PRX,,TYC 195 1461,TYC 195 1403,,,No,1.635,P,16.279,17.614,,Wy Hya,,DIFF,
2454864.66380,1.190,0.008,,V,PRX,,TYC 195 1461,TYC 195 1403,,,No,1.615,P,16.286,17.618,,Wy Hya,,DIFF,
2454864.66588,1.180,0.008,,V,PRX,,TYC 195 1461,TYC 195 1403,,,No,1.596,P,16.265,17.611,,Wy Hya,,DIFF,
2454864.66796,1.141,0.008,,V,PRX,,TYC 195 1461,TYC 195 1403,,,No,1.577,P,16.279,17.616,,Wy Hya,,DIFF,
2454864.67005,1.104,0.008,,V,PRX,,TYC 195 1461,TYC 195 1403,,,No,1.559,P,16.278,17.602,,Wy Hya,,DIFF,
2454864.67213,1.077,0.007,,V,PRX,,TYC 195 1461,TYC 195 1403,,,No,1.542,P,16.270,17.603,,Wy Hya,,DIFF,
2454864.67421,1.068,0.007,,V,PRX,,TYC 195 1461,TYC 195 1403,,,No,1.525,P,16.253,17.595,,Wy Hya,,DIFF,
2454864.67630,1.044,0.007,,V,PRX,,TYC 195 1461,TYC 195 1403,,,No,1.509,P,16.256,17.592,,Wy Hya,,DIFF,
2454864.67838,1.024,0.007,,V,PRX,,TYC 195 1461,TYC 195 1403,,,No,1.493,P,16.239,17.589,,Wy Hya,,DIFF,
2454864.68046,1.009,0.007,,V,PRX,,TYC 195 1461,TYC 195 1403,,,No,1.479,P,16.253,17.599,,Wy Hya,,DIFF,
2454864.68255,0.992,0.007,,V,PRX,,TYC 195 1461,TYC 195 1403,,,No,1.464,P,16.240,17.584,,Wy Hya,,DIFF,
2454864.68463,0.966,0.007,,V,PRX,,TYC 195 1461,TYC 195 1403,,,No,1.450,P,16.251,17.583,,Wy Hya,,DIFF,
2454864.68671,0.964,0.007,,V,PRX,,TYC 195 1461,TYC 195 1403,,,No,1.437,P,16.243,17.596,,Wy Hya,,DIFF,
2454864.68880,0.953,0.007,,V,PRX,,TYC 195 1461,TYC 195 1403,,,No,1.424,P,16.241,17.583,,Wy Hya,,DIFF,
2454864.69088,0.935,0.007,,V,PRX,,TYC 195 1461,TYC 195 1403,,,No,1.412,P,16.234,17.571,,Wy Hya,,DIFF,
2454864.69296,0.913,0.007,,V,PRX,,TYC 195 1461,TYC 195 1403,,,No,1.400,P,16.244,17.585,,Wy Hya,,DIFF,
2454864.69505,0.904,0.007,,V,PRX,,TYC 195 1461,TYC 195 1403,,,No,1.388,P,16.236,17.572,,Wy Hya,,DIFF,
2454864.69713,0.897,0.007,,V,PRX,,TYC 195 1461,TYC 195 1403,,,No,1.377,P,16.236,17.592,,Wy Hya,,DIFF,
2454864.69921,0.877,0.007,,V,PRX,,TYC 195 1461,TYC 195 1403,,,No,1.366,P,16.254,17.596,,Wy Hya,,DIFF,
2454864.70130,0.869,0.007,,V,PRX,,TYC 195 1461,TYC 195 1403,,,No,1.356,P,16.247,17.566,,Wy Hya,,DIFF,
2454864.70338,0.858,0.007,,V,PRX,,TYC 195 1461,TYC 195 1403,,,No,1.346,P,16.249,17.578,,Wy Hya,,DIFF,
2454864.70546,0.850,0.007,,V,PRX,,TYC 195 1461,TYC 195 1403,,,No,1.337,P,16.242,17.587,,Wy Hya,,DIFF,
2454864.70755,0.838,0.006,,V,PRX,,TYC 195 1461,TYC 195 1403,,,No,1.327,P,16.224,17.583,,Wy Hya,,DIFF,
2454864.70963,0.840,0.006,,V,PRX,,TYC 195 1461,TYC 195 1403,,,No,1.319,P,16.214,17.554,,Wy Hya,,DIFF,
2454864.71171,0.832,0.006,,V,PRX,,TYC 195 1461,TYC 195 1403,,,No,1.310,P,16.220,17.559,,Wy Hya,,DIFF,
2454864.71380,0.819,0.006,,V,PRX,,TYC 195 1461,TYC 195 1403,,,No,1.302,P,16.224,17.568,,Wy Hya,,DIFF,
2454864.71588,0.823,0.006,,V,PRX,,TYC 195 1461,TYC 195 1403,,,No,1.294,P,16.211,17.563,,Wy Hya,,DIFF,
2454864.71796,0.826,0.006,,V,PRX,,TYC 195 1461,TYC 195 1403,,,No,1.287,P,16.207,17.554,,Wy Hya,,DIFF,
2454864.72005,0.821,0.006,,V,PRX,,TYC 195 1461,TYC 195 1403,,,No,1.279,P,16.214,17.564,,Wy Hya,,DIFF,
2454864.72213,0.828,0.006,,V,PRX,,TYC 195 1461,TYC 195 1403,,,No,1.272,P,16.206,17.571,,Wy Hya,,DIFF,
2454904.66685,10.755,0.004,,V,BIZ,,GSC 195 1434,GSC 195 1899,GUIDE 8,NOTES,No,1.174,P,17.230,17.820,,Wy Hya,,STD,
2454904.66893,10.751,0.004,,V,BIZ,,GSC 195 1434,GSC 195 1899,GUIDE 8,NOTES,No,1.174,P,17.202,17.793,,Wy Hya,,STD,
2454904.67101,10.764,0.004,,V,BIZ,,GSC 195 1434,GSC 195 1899,GUIDE 8,NOTES,No,1.173,P,17.231,17.815,,Wy Hya,,STD,
2454904.67310,10.798,0.004,,V,BIZ,,GSC 195 1434,GSC 195 1899,GUIDE 8,NOTES,No,1.173,P,17.242,17.840,,Wy Hya,,STD,
2454904.67518,10.817,0.004,,V,BIZ,,GSC 195 1434,GSC 195 1899,GUIDE 8,NOTES,No,1.173,P,17.251,17.837,,Wy Hya,,STD,
2454904.67726,10.817,0.004,,V,BIZ,,GSC 195 1434,GSC 195 1899,GUIDE 8,NOTES,No,1.173,P,17.245,17.833,,Wy Hya,,STD,
2454904.67935,10.822,0.004,,V,BIZ,,GSC 195 1434,GSC 195 1899,GUIDE 8,NOTES,No,1.174,P,17.228,17.808,,Wy Hya,,STD,
2454904.68143,10.861,0.004,,V,BIZ,,GSC 195 1434,GSC 195 1899,GUIDE 8,NOTES,No,1.174,P,17.237,17.841,,Wy Hya,,STD,
2454904.68351,10.848,0.004,,V,BIZ,,GSC 195 1434,GSC 195 1899,GUIDE 8,NOTES,No,1.175,P,17.227,17.816,,Wy Hya,,STD,
2454904.68560,10.875,0.004,,V,BIZ,,GSC 195 1434,GSC 195 1899,GUIDE 8,NOTES,No,1.176,P,17.211,17.796,,Wy Hya,,STD,
2454904.68768,10.893,0.004,,V,BIZ,,GSC 195 1434,GSC 195 1899,GUIDE 8,NOTES,No,1.177,P,17.228,17.805,,Wy Hya,,STD,
2454904.68976,10.920,0.004,,V,BIZ,,GSC 195 1434,GSC 195 1899,GUIDE 8,NOTES,No,1.179,P,17.264,17.851,,Wy Hya,,STD,
2454904.69185,10.938,0.004,,V,BIZ,,GSC 195 1434,GSC 195 1899,GUIDE 8,NOTES,No,1.181,P,17.222,17.809,,Wy Hya,,STD,
2454904.69393,10.962,0.004,,V,BIZ,,GSC 195 1434,GSC 195 1899,GUIDE 8,NOTES,No,1.182,P,17.335,17.929,,Wy Hya,,STD,
2454904.69601,10.960,0.004,,V,BIZ,,GSC 195 1434,GSC 195 1899,GUIDE 8,NOTES,No,1.184,P,17.229,17.795,,Wy Hya,,STD,
2454904.69810,11.010,0.004,,V,BIZ,,GSC 195 1434,GSC 195 1899,GUIDE 8,NOTES,No,1.187,P,17.243,17.865,,Wy Hya,,STD,
2454904.70018,11.012,0.004,,V,BIZ,,GSC 195 1434,GSC 195 1899,GUIDE 8,NOTES,No,1.189,P,17.218,17.806,,Wy Hya,,STD,
2454904.70226,11.055,0.004,,V,BIZ,,GSC 195 1434,GSC 195 1899,GUIDE 8,NOTES,No,1.192,P,17.214,17.837,,Wy Hya,,STD,
2454904.70435,11.081,0.004,,V,BIZ,,GSC 195 1434,GSC 195 1899,GUIDE 8,NOTES,No,1.195,P,17.230,17.809,,Wy Hya,,STD,
2454904.70643,11.120,0.004,,V,BIZ,,GSC 195 1434,GSC 195 1899,GUIDE 8,NOTES,No,1.198,P,17.234,17.852,,Wy Hya,,STD,
2454904.70851,11.143,0.004,,V,BIZ,,GSC 195 1434,GSC 195 1899,GUIDE 8,NOTES,No,1.201,P,17.223,17.823,,Wy Hya,,STD,
2454904.71060,11.170,0.005,,V,BIZ,,GSC 195 1434,GSC 195 1899,GUIDE 8,NOTES,No,1.205,P,17.253,17.848,,Wy Hya,,STD,
2454904.71268,11.192,0.005,,V,BIZ,,GSC 195 1434,GSC 195 1899,GUIDE 8,NOTES,No,1.209,P,17.226,17.824,,Wy Hya,,STD,
2454904.71476,11.228,0.005,,V,BIZ,,GSC 195 1434,GSC 195 1899,GUIDE 8,NOTES,No,1.213,P,17.254,17.863,,Wy Hya,,STD,
2454904.71685,11.262,0.005,,V,BIZ,,GSC 195 1434,GSC 195 1899,GUIDE 8,NOTES,No,1.217,P,17.217,17.818,,Wy Hya,,STD,
2454904.71893,11.287,0.005,,V,BIZ,,GSC 195 1434,GSC 195 1899,GUIDE 8,NOTES,No,1.221,P,17.240,17.829,,Wy Hya,,STD,
2454904.72101,11.325,0.005,,V,BIZ,,GSC 195 1434,GSC 195 1899,GUIDE 8,NOTES,No,1.226,P,17.234,17.822,,Wy Hya,,STD,
2454904.72310,11.373,0.005,,V,BIZ,,GSC 195 1434,GSC 195 1899,GUIDE 8,NOTES,No,1.231,P,17.311,17.901,,Wy Hya,,STD,
2454904.72518,11.383,0.005,,V,BIZ,,GSC 195 1434,GSC 195 1899,GUIDE 8,NOTES,No,1.236,P,17.249,17.825,,Wy Hya,,STD,
2454904.72726,11.430,0.005,,V,BIZ,,GSC 195 1434,GSC 195 1899,GUIDE 8,NOTES,No,1.242,P,17.243,17.853,,Wy Hya,,STD,
2454904.72935,11.457,0.005,,V,BIZ,,GSC 195 1434,GSC 195 1899,GUIDE 8,NOTES,No,1.248,P,17.234,17.833,,Wy Hya,,STD,
2454904.73143,11.479,0.005,,V,BIZ,,GSC 195 1434,GSC 195 1899,GUIDE 8,NOTES,No,1.254,P,17.249,17.851,,Wy Hya,,STD,
2454904.73351,11.495,0.005,,V,BIZ,,GSC 195 1434,GSC 195 1899,GUIDE 8,NOTES,No,1.260,P,17.232,17.802,,Wy Hya,,STD,
2454904.73560,11.470,0.005,,V,BIZ,,GSC 195 1434,GSC 195 1899,GUIDE 8,NOTES,No,1.267,P,17.264,17.871,,Wy Hya,,STD,
2454904.73768,11.455,0.005,,V,BIZ,,GSC 195 1434,GSC 195 1899,GUIDE 8,NOTES,No,1.274,P,17.250,17.838,,Wy Hya,,STD,
2454904.73976,11.408,0.005,,V,BIZ,,GSC 195 1434,GSC 195 1899,GUIDE 8,NOTES,No,1.281,P,17.293,17.883,,Wy Hya,,STD,
2454904.74185,11.384,0.005,,V,BIZ,,GSC 195 1434,GSC 195 1899,GUIDE 8,NOTES,No,1.288,P,17.264,17.840,,Wy Hya,,STD,
2454904.74393,11.348,0.005,,V,BIZ,,GSC 195 1434,GSC 195 1899,GUIDE 8,NOTES,No,1.296,P,17.276,17.864,,Wy Hya,,STD,
2454904.74601,11.316,0.005,,V,BIZ,,GSC 195 1434,GSC 195 1899,GUIDE 8,NOTES,No,1.304,P,17.250,17.833,,Wy Hya,,STD,
2454904.74810,11.285,0.005,,V,BIZ,,GSC 195 1434,GSC 195 1899,GUIDE 8,NOTES,No,1.313,P,17.258,17.864,,Wy Hya,,STD,
2454904.75018,11.242,0.005,,V,BIZ,,GSC 195 1434,GSC 195 1899,GUIDE 8,NOTES,No,1.321,P,17.256,17.856,,Wy Hya,,STD,
2454904.75226,11.224,0.005,,V,BIZ,,GSC 195 1434,GSC 195 1899,GUIDE 8,NOTES,No,1.330,P,17.265,17.850,,Wy Hya,,STD,
2454904.75435,11.184,0.005,,V,BIZ,,GSC 195 1434,GSC 195 1899,GUIDE 8,NOTES,No,1.340,P,17.282,17.848,,Wy Hya,,STD,
2454904.75643,11.148,0.005,,V,BIZ,,GSC 195 1434,GSC 195 1899,GUIDE 8,NOTES,No,1.350,P,17.312,17.909,,Wy Hya,,STD,
2454904.75851,11.133,0.005,,V,BIZ,,GSC 195 1434,GSC 195 1899,GUIDE 8,NOTES,No,1.360,P,17.273,17.867,,Wy Hya,,STD,
2454904.76060,11.099,0.005,,V,BIZ,,GSC 195 1434,GSC 195 1899,GUIDE 8,NOTES,No,1.371,P,17.296,17.893,,Wy Hya,,STD,
2454904.76268,11.066,0.005,,V,BIZ,,GSC 195 1434,GSC 195 1899,GUIDE 8,NOTES,No,1.382,P,17.268,17.862,,Wy Hya,,STD,
2454904.76476,11.055,0.005,,V,BIZ,,GSC 195 1434,GSC 195 1899,GUIDE 8,NOTES,No,1.393,P,17.280,17.881,,Wy Hya,,STD,
2454904.76685,11.017,0.005,,V,BIZ,,GSC 195 1434,GSC 195 1899,GUIDE 8,NOTES,No,1.405,P,17.287,17.872,,Wy Hya,,STD,
2454904.76893,11.007,0.005,,V,BIZ,,GSC 195 1434,GSC 195 1899,GUIDE 8,NOTES,No,1.417,P,17.300,17.888,,Wy Hya,,STD,
2454904.77101,10.969,0.005,,V,BIZ,,GSC 195 1434,GSC 195 1899,GUIDE 8,NOTES,No,1.430,P,17.307,17.895,,Wy Hya,,STD,
2454904.77310,10.967,0.005,,V,BIZ,,GSC 195 1434,GSC 195 1899,GUIDE 8,NOTES,No,1.443,P,17.326,17.926,,Wy Hya,,STD,
2454904.77518,10.948,0.005,,V,BIZ,,GSC 195 1434,GSC 195 1899,GUIDE 8,NOTES,No,1.457,P,17.279,17.870,,Wy Hya,,STD,
2454904.77726,10.908,0.005,,V,BIZ,,GSC 195 1434,GSC 195 1899,GUIDE 8,NOTES,No,1.471,P,17.318,17.909,,Wy Hya,,STD,
2454904.77935,10.891,0.005,,V,BIZ,,GSC 195 1434,GSC 195 1899,GUIDE 8,NOTES,No,1.486,P,17.296,17.887,,Wy Hya,,STD,
2454904.78143,10.874,0.005,,V,BIZ,,GSC 195 1434,GSC 195 1899,GUIDE 8,NOTES,No,1.502,P,17.300,17.889,,Wy Hya,,STD,
2454904.78351,10.859,0.005,,V,BIZ,,GSC 195 1434,GSC 195 1899,GUIDE 8,NOTES,No,1.518,P,17.311,17.880,,Wy Hya,,STD,
2454904.78560,10.835,0.005,,V,BIZ,,GSC 195 1434,GSC 195 1899,GUIDE 8,NOTES,No,1.534,P,17.322,17.904,,Wy Hya,,STD,
2454904.78768,10.834,0.005,,V,BIZ,,GSC 195 1434,GSC 195 1899,GUIDE 8,NOTES,No,1.551,P,17.320,17.915,,Wy Hya,,STD,
2454904.78976,10.805,0.005,,V,BIZ,,GSC 195 1434,GSC 195 1899,GUIDE 8,NOTES,No,1.569,P,17.332,17.939,,Wy Hya,,STD,
2454908.60417,10.738,0.005,,V,BIZ,,GSC 195 1434,GSC 195 1899,GUIDE 8,NOTES,No,1.258,P,17.412,17.965,,Wy Hya,,STD,
2454908.60626,10.766,0.005,,V,BIZ,,GSC 195 1434,GSC 195 1899,GUIDE 8,NOTES,No,1.252,P,17.431,17.932,,Wy Hya,,STD,
2454908.60834,10.793,0.004,,V,BIZ,,GSC 195 1434,GSC 195 1899,GUIDE 8,NOTES,No,1.246,P,17.365,17.986,,Wy Hya,,STD,
2454908.61042,10.770,0.004,,V,BIZ,,GSC 195 1434,GSC 195 1899,GUIDE 8,NOTES,No,1.240,P,17.423,17.936,,Wy Hya,,STD,
2454908.61251,10.809,0.004,,V,BIZ,,GSC 195 1434,GSC 195 1899,GUIDE 8,NOTES,No,1.235,P,17.359,17.991,,Wy Hya,,STD,
2454908.61459,10.825,0.004,,V,BIZ,,GSC 195 1434,GSC 195 1899,GUIDE 8,NOTES,No,1.230,P,17.410,17.979,,Wy Hya,,STD,
2454908.61667,10.831,0.005,,V,BIZ,,GSC 195 1434,GSC 195 1899,GUIDE 8,NOTES,No,1.225,P,17.543,18.052,,Wy Hya,,STD,
2454908.61876,10.850,0.005,,V,BIZ,,GSC 195 1434,GSC 195 1899,GUIDE 8,NOTES,No,1.220,P,17.455,18.004,,Wy Hya,,STD,
2454908.62084,10.844,0.005,,V,BIZ,,GSC 195 1434,GSC 195 1899,GUIDE 8,NOTES,No,1.216,P,17.437,17.997,,Wy Hya,,STD,
2454908.62292,10.874,0.005,,V,BIZ,,GSC 195 1434,GSC 195 1899,GUIDE 8,NOTES,No,1.211,P,17.421,18.002,,Wy Hya,,STD,
2454908.62501,10.887,0.005,,V,BIZ,,GSC 195 1434,GSC 195 1899,GUIDE 8,NOTES,No,1.207,P,17.427,18.003,,Wy Hya,,STD,
2454908.62709,10.906,0.005,,V,BIZ,,GSC 195 1434,GSC 195 1899,GUIDE 8,NOTES,No,1.204,P,17.438,17.992,,Wy Hya,,STD,
2454908.62917,10.935,0.005,,V,BIZ,,GSC 195 1434,GSC 195 1899,GUIDE 8,NOTES,No,1.200,P,17.437,17.997,,Wy Hya,,STD,
2454908.63126,10.947,0.005,,V,BIZ,,GSC 195 1434,GSC 195 1899,GUIDE 8,NOTES,No,1.197,P,17.426,18.002,,Wy Hya,,STD,
2454908.63334,10.961,0.005,,V,BIZ,,GSC 195 1434,GSC 195 1899,GUIDE 8,NOTES,No,1.194,P,17.602,18.155,,Wy Hya,,STD,
2454908.63542,10.986,0.005,,V,BIZ,,GSC 195 1434,GSC 195 1899,GUIDE 8,NOTES,No,1.191,P,17.483,18.049,,Wy Hya,,STD,
2454908.63751,11.028,0.005,,V,BIZ,,GSC 195 1434,GSC 195 1899,GUIDE 8,NOTES,No,1.188,P,17.514,18.089,,Wy Hya,,STD,
2454908.63959,11.037,0.005,,V,BIZ,,GSC 195 1434,GSC 195 1899,GUIDE 8,NOTES,No,1.186,P,17.465,18.032,,Wy Hya,,STD,
2454908.64167,11.062,0.005,,V,BIZ,,GSC 195 1434,GSC 195 1899,GUIDE 8,NOTES,No,1.184,P,17.463,18.026,,Wy Hya,,STD,
2454908.64376,11.101,0.005,,V,BIZ,,GSC 195 1434,GSC 195 1899,GUIDE 8,NOTES,No,1.182,P,17.445,18.011,,Wy Hya,,STD,
2454908.64584,11.121,0.005,,V,BIZ,,GSC 195 1434,GSC 195 1899,GUIDE 8,NOTES,No,1.180,P,17.439,17.981,,Wy Hya,,STD,
2454908.64792,11.151,0.005,,V,BIZ,,GSC 195 1434,GSC 195 1899,GUIDE 8,NOTES,No,1.178,P,17.425,17.985,,Wy Hya,,STD,
2454908.65001,11.146,0.005,,V,BIZ,,GSC 195 1434,GSC 195 1899,GUIDE 8,NOTES,No,1.177,P,17.626,18.167,,Wy Hya,,STD,
2454908.65209,11.195,0.005,,V,BIZ,,GSC 195 1434,GSC 195 1899,GUIDE 8,NOTES,No,1.176,P,17.465,18.017,,Wy Hya,,STD,
2454908.65417,11.241,0.005,,V,BIZ,,GSC 195 1434,GSC 195 1899,GUIDE 8,NOTES,No,1.175,P,17.468,18.018,,Wy Hya,,STD,
2454908.65626,11.270,0.005,,V,BIZ,,GSC 195 1434,GSC 195 1899,GUIDE 8,NOTES,No,1.174,P,17.477,18.041,,Wy Hya,,STD,
2454908.65834,11.308,0.005,,V,BIZ,,GSC 195 1434,GSC 195 1899,GUIDE 8,NOTES,No,1.174,P,17.494,18.047,,Wy Hya,,STD,
2454908.66042,11.337,0.005,,V,BIZ,,GSC 195 1434,GSC 195 1899,GUIDE 8,NOTES,No,1.173,P,17.494,18.054,,Wy Hya,,STD,
2454908.66251,11.377,0.005,,V,BIZ,,GSC 195 1434,GSC 195 1899,GUIDE 8,NOTES,No,1.173,P,17.515,18.070,,Wy Hya,,STD,
2454908.66459,11.408,0.005,,V,BIZ,,GSC 195 1434,GSC 195 1899,GUIDE 8,NOTES,No,1.173,P,17.513,18.076,,Wy Hya,,STD,
2454908.66667,11.450,0.007,,V,BIZ,,GSC 195 1434,GSC 195 1899,GUIDE 8,NOTES,No,1.173,P,17.789,18.372,,Wy Hya,,STD,
2454908.66876,11.463,0.006,,V,BIZ,,GSC 195 1434,GSC 195 1899,GUIDE 8,NOTES,No,1.174,P,17.557,18.125,,Wy Hya,,STD,
2454908.67084,11.495,0.006,,V,BIZ,,GSC 195 1434,GSC 195 1899,GUIDE 8,NOTES,No,1.175,P,17.525,18.094,,Wy Hya,,STD,
2454908.67292,11.491,0.006,,V,BIZ,,GSC 195 1434,GSC 195 1899,GUIDE 8,NOTES,No,1.175,P,17.587,18.144,,Wy Hya,,STD,
2454908.67501,11.469,0.006,,V,BIZ,,GSC 195 1434,GSC 195 1899,GUIDE 8,NOTES,No,1.176,P,17.573,18.136,,Wy Hya,,STD,
2454908.67709,11.439,0.006,,V,BIZ,,GSC 195 1434,GSC 195 1899,GUIDE 8,NOTES,No,1.178,P,17.629,18.199,,Wy Hya,,STD,
2454908.67917,11.414,0.006,,V,BIZ,,GSC 195 1434,GSC 195 1899,GUIDE 8,NOTES,No,1.179,P,17.608,18.180,,Wy Hya,,STD,
2454908.68126,11.364,0.006,,V,BIZ,,GSC 195 1434,GSC 195 1899,GUIDE 8,NOTES,No,1.181,P,17.606,18.158,,Wy Hya,,STD,
2454908.68334,11.348,0.007,,V,BIZ,,GSC 195 1434,GSC 195 1899,GUIDE 8,NOTES,No,1.183,P,17.901,18.483,,Wy Hya,,STD,
2454908.68542,11.304,0.007,,V,BIZ,,GSC 195 1434,GSC 195 1899,GUIDE 8,NOTES,No,1.185,P,17.813,18.389,,Wy Hya,,STD,
2454908.68751,11.258,0.007,,V,BIZ,,GSC 195 1434,GSC 195 1899,GUIDE 8,NOTES,No,1.187,P,17.938,18.488,,Wy Hya,,STD,
2454908.68959,11.234,0.007,,V,BIZ,,GSC 195 1434,GSC 195 1899,GUIDE 8,NOTES,No,1.190,P,17.841,18.408,,Wy Hya,,STD,
2454908.69167,11.201,0.006,,V,BIZ,,GSC 195 1434,GSC 195 1899,GUIDE 8,NOTES,No,1.192,P,17.767,18.340,,Wy Hya,,STD,
2454908.69376,11.170,0.007,,V,BIZ,,GSC 195 1434,GSC 195 1899,GUIDE 8,NOTES,No,1.195,P,17.872,18.455,,Wy Hya,,STD,
2454908.69584,11.156,0.007,,V,BIZ,,GSC 195 1434,GSC 195 1899,GUIDE 8,NOTES,No,1.198,P,17.983,18.539,,Wy Hya,,STD,
2454908.69792,11.103,0.008,,V,BIZ,,GSC 195 1434,GSC 195 1899,GUIDE 8,NOTES,No,1.202,P,18.037,18.612,,Wy Hya,,STD,
2454908.70001,11.124,0.009,,V,BIZ,,GSC 195 1434,GSC 195 1899,GUIDE 8,NOTES,No,1.205,P,18.209,18.802,,Wy Hya,,STD,
2454908.70209,11.067,0.008,,V,BIZ,,GSC 195 1434,GSC 195 1899,GUIDE 8,NOTES,No,1.209,P,18.055,18.629,,Wy Hya,,STD,
2454908.70417,11.033,0.007,,V,BIZ,,GSC 195 1434,GSC 195 1899,GUIDE 8,NOTES,No,1.213,P,17.910,18.469,,Wy Hya,,STD,
2454908.70626,11.007,0.008,,V,BIZ,,GSC 195 1434,GSC 195 1899,GUIDE 8,NOTES,No,1.218,P,18.084,18.646,,Wy Hya,,STD,
2454908.70834,10.985,0.007,,V,BIZ,,GSC 195 1434,GSC 195 1899,GUIDE 8,NOTES,No,1.222,P,17.936,18.505,,Wy Hya,,STD,
2454908.71042,10.962,0.006,,V,BIZ,,GSC 195 1434,GSC 195 1899,GUIDE 8,NOTES,No,1.227,P,17.892,18.443,,Wy Hya,,STD,
2454908.71251,10.960,0.006,,V,BIZ,,GSC 195 1434,GSC 195 1899,GUIDE 8,NOTES,No,1.232,P,17.709,18.263,,Wy Hya,,STD,
2454908.71459,10.923,0.006,,V,BIZ,,GSC 195 1434,GSC 195 1899,GUIDE 8,NOTES,No,1.237,P,17.818,18.388,,Wy Hya,,STD,
2454908.71667,10.877,0.006,,V,BIZ,,GSC 195 1434,GSC 195 1899,GUIDE 8,NOTES,No,1.243,P,17.921,18.458,,Wy Hya,,STD,
2454908.71876,10.889,0.005,,V,BIZ,,GSC 195 1434,GSC 195 1899,GUIDE 8,NOTES,No,1.249,P,17.671,18.238,,Wy Hya,,STD,
2454908.72084,10.871,0.005,,V,BIZ,,GSC 195 1434,GSC 195 1899,GUIDE 8,NOTES,No,1.255,P,17.686,18.255,,Wy Hya,,STD,
2454908.72292,10.848,0.006,,V,BIZ,,GSC 195 1434,GSC 195 1899,GUIDE 8,NOTES,No,1.261,P,17.901,18.466,,Wy Hya,,STD,
2454908.72501,10.859,0.006,,V,BIZ,,GSC 195 1434,GSC 195 1899,GUIDE 8,NOTES,No,1.268,P,17.879,18.458,,Wy Hya,,STD,
2454908.72709,10.824,0.006,,V,BIZ,,GSC 195 1434,GSC 195 1899,GUIDE 8,NOTES,No,1.275,P,17.822,18.387,,Wy Hya,,STD,
2454932.57490,-0.81,,,V,SAH,,0195 1315,,,,No,,P,,,,Wy Hya,,DIFF,
2454932.57669,-0.815,,,V,SAH,,0195 1315,,,,No,,P,,,,Wy Hya,,DIFF,
2454932.57851,-0.798,,,V,SAH,,0195 1315,,,,No,,P,,,,Wy Hya,,DIFF,
2454932.58031,-0.78,,,V,SAH,,0195 1315,,,,No,,P,,,,Wy Hya,,DIFF,
2454932.58212,-0.786,,,V,SAH,,0195 1315,,,,No,,P,,,,Wy Hya,,DIFF,
2454932.58394,-0.834,,,V,SAH,,0195 1315,,,,No,,P,,,,Wy Hya,,DIFF,
2454932.58574,-0.758,,,V,SAH,,0195 1315,,,,No,,P,,,,Wy Hya,,DIFF,
2454932.58755,-0.772,,,V,SAH,,0195 1315,,,,No,,P,,,,Wy Hya,,DIFF,
2454932.59017,-0.773,,,V,SAH,,0195 1315,,,,No,,P,,,,Wy Hya,,DIFF,
2454932.59124,-0.741,,,V,SAH,,0195 1315,,,,No,,P,,,,Wy Hya,,DIFF,
2454932.59304,-0.797,,,V,SAH,,0195 1315,,,,No,,P,,,,Wy Hya,,DIFF,
2454932.59485,-0.769,,,V,SAH,,0195 1315,,,,No,,P,,,,Wy Hya,,DIFF,
2454932.59667,-0.74,,,V,SAH,,0195 1315,,,,No,,P,,,,Wy Hya,,DIFF,
2454932.59847,-0.743,,,V,SAH,,0195 1315,,,,No,,P,,,,Wy Hya,,DIFF,
2454932.60028,-0.697,,,V,SAH,,0195 1315,,,,No,,P,,,,Wy Hya,,DIFF,
2454932.60208,-0.695,,,V,SAH,,0195 1315,,,,No,,P,,,,Wy Hya,,DIFF,
2454932.60471,-0.654,,,V,SAH,,0195 1315,,,,No,,P,,,,Wy Hya,,DIFF,
2454932.60578,-0.66,,,V,SAH,,0195 1315,,,,No,,P,,,,Wy Hya,,DIFF,
2454932.60759,-0.634,,,V,SAH,,0195 1315,,,,No,,P,,,,Wy Hya,,DIFF,
2454932.60940,-0.601,,,V,SAH,,0195 1315,,,,No,,P,,,,Wy Hya,,DIFF,
2454932.61120,-0.586,,,V,SAH,,0195 1315,,,,No,,P,,,,Wy Hya,,DIFF,
2454932.61301,-0.57,,,V,SAH,,0195 1315,,,,No,,P,,,,Wy Hya,,DIFF,
2454932.61482,-0.558,,,V,SAH,,0195 1315,,,,No,,P,,,,Wy Hya,,DIFF,
2454932.61663,-0.486,,,V,SAH,,0195 1315,,,,No,,P,,,,Wy Hya,,DIFF,
2454932.61925,-0.539,,,V,SAH,,0195 1315,,,,No,,P,,,,Wy Hya,,DIFF,
2454932.62031,-0.502,,,V,SAH,,0195 1315,,,,No,,P,,,,Wy Hya,,DIFF,
2454932.62213,-0.473,,,V,SAH,,0195 1315,,,,No,,P,,,,Wy Hya,,DIFF,
2454932.62394,-0.44,,,V,SAH,,0195 1315,,,,No,,P,,,,Wy Hya,,DIFF,
2454932.62574,-0.446,,,V,SAH,,0195 1315,,,,No,,P,,,,Wy Hya,,DIFF,
2454932.62755,-0.367,,,V,SAH,,0195 1315,,,,No,,P,,,,Wy Hya,,DIFF,
2454932.62936,-0.391,,,V,SAH,,0195 1315,,,,No,,P,,,,Wy Hya,,DIFF,
2454932.63117,-0.368,,,V,SAH,,0195 1315,,,,No,,P,,,,Wy Hya,,DIFF,
2454932.63380,-0.355,,,V,SAH,,0195 1315,,,,No,,P,,,,Wy Hya,,DIFF,
2454932.63486,-0.249,,,V,SAH,,0195 1315,,,,No,,P,,,,Wy Hya,,DIFF,
2454932.63667,-0.257,,,V,SAH,,0195 1315,,,,No,,P,,,,Wy Hya,,DIFF,
2454932.63847,-0.212,,,V,SAH,,0195 1315,,,,No,,P,,,,Wy Hya,,DIFF,
2454932.64030,-0.192,,,V,SAH,,0195 1315,,,,No,,P,,,,Wy Hya,,DIFF,
2454932.64210,-0.143,,,V,SAH,,0195 1315,,,,No,,P,,,,Wy Hya,,DIFF,
2454932.64390,-0.092,,,V,SAH,,0195 1315,,,,No,,P,,,,Wy Hya,,DIFF,
2454932.64571,-0.094,,,V,SAH,,0195 1315,,,,No,,P,,,,Wy Hya,,DIFF,
2454932.64833,-0.094,,,V,SAH,,0195 1315,,,,No,,P,,,,Wy Hya,,DIFF,
2454932.64940,-0.08,,,V,SAH,,0195 1315,,,,No,,P,,,,Wy Hya,,DIFF,
2454932.65120,-0.023,,,V,SAH,,0195 1315,,,,No,,P,,,,Wy Hya,,DIFF,
2454932.65301,0.017,,,V,SAH,,0195 1315,,,,No,,P,,,,Wy Hya,,DIFF,
2454932.65483,0.095,,,V,SAH,,0195 1315,,,,No,,P,,,,Wy Hya,,DIFF,
2454932.65663,0.036,,,V,SAH,,0195 1315,,,,No,,P,,,,Wy Hya,,DIFF,
2454932.65844,0.079,,,V,SAH,,0195 1315,,,,No,,P,,,,Wy Hya,,DIFF,
2454932.66026,0.151,,,V,SAH,,0195 1315,,,,No,,P,,,,Wy Hya,,DIFF,
2454932.66287,0.073,,,V,SAH,,0195 1315,,,,No,,P,,,,Wy Hya,,DIFF,
2454932.66394,0.01,,,V,SAH,,0195 1315,,,,No,,P,,,,Wy Hya,,DIFF,
2454932.66575,-0.025,,,V,SAH,,0195 1315,,,,No,,P,,,,Wy Hya,,DIFF,
2454932.66756,0.072,,,V,SAH,,0195 1315,,,,No,,P,,,,Wy Hya,,DIFF,
2454932.66936,-0.031,,,V,SAH,,0195 1315,,,,No,,P,,,,Wy Hya,,DIFF,
2454932.67117,-0.124,,,V,SAH,,0195 1315,,,,No,,P,,,,Wy Hya,,DIFF,
2454932.67299,-0.124,,,V,SAH,,0195 1315,,,,No,,P,,,,Wy Hya,,DIFF,
2454932.67479,-0.06,,,V,SAH,,0195 1315,,,,No,,P,,,,Wy Hya,,DIFF,
2454932.67742,-0.104,,,V,SAH,,0195 1315,,,,No,,P,,,,Wy Hya,,DIFF,
2454932.67848,-0.205,,,V,SAH,,0195 1315,,,,No,,P,,,,Wy Hya,,DIFF,
2454932.68029,-0.121,,,V,SAH,,0195 1315,,,,No,,P,,,,Wy Hya,,DIFF,
2454932.68210,-0.156,,,V,SAH,,0195 1315,,,,No,,P,,,,Wy Hya,,DIFF,
2454932.68391,-0.199,,,V,SAH,,0195 1315,,,,No,,P,,,,Wy Hya,,DIFF,
2454932.68572,-0.325,,,V,SAH,,0195 1315,,,,No,,P,,,,Wy Hya,,DIFF,
2454932.68752,-0.353,,,V,SAH,,0195 1315,,,,No,,P,,,,Wy Hya,,DIFF,
2454932.68933,-0.338,,,V,SAH,,0195 1315,,,,No,,P,,,,Wy Hya,,DIFF,
2454932.69196,-0.339,,,V,SAH,,0195 1315,,,,No,,P,,,,Wy Hya,,DIFF,
2454932.69302,-0.446,,,V,SAH,,0195 1315,,,,No,,P,,,,Wy Hya,,DIFF,
2454932.69483,-0.397,,,V,SAH,,0195 1315,,,,No,,P,,,,Wy Hya,,DIFF,
2454932.69663,-0.451,,,V,SAH,,0195 1315,,,,No,,P,,,,Wy Hya,,DIFF,
2454932.69845,-0.458,,,V,SAH,,0195 1315,,,,No,,P,,,,Wy Hya,,DIFF,
2454932.70026,-0.431,,,V,SAH,,0195 1315,,,,No,,P,,,,Wy Hya,,DIFF,
2454932.70206,-0.442,,,V,SAH,,0195 1315,,,,No,,P,,,,Wy Hya,,DIFF,
2454932.70387,-0.491,,,V,SAH,,0195 1315,,,,No,,P,,,,Wy Hya,,DIFF,
2454932.70649,-0.5,,,V,SAH,,0195 1315,,,,No,,P,,,,Wy Hya,,DIFF,
2454932.70756,-0.518,,,V,SAH,,0195 1315,,,,No,,P,,,,Wy Hya,,DIFF,
2454932.70936,-0.531,,,V,SAH,,0195 1315,,,,No,,P,,,,Wy Hya,,DIFF,
2454932.71118,-0.538,,,V,SAH,,0195 1315,,,,No,,P,,,,Wy Hya,,DIFF,
2454946.55986,-0.943,,,V,SAH,,0195 1960,,,,No,,P,,,,Wy Hya,,DIFF,
2454946.56166,-0.97,,,V,SAH,,0195 1960,,,,No,,P,,,,Wy Hya,,DIFF,
2454946.56347,-0.955,,,V,SAH,,0195 1960,,,,No,,P,,,,Wy Hya,,DIFF,
2454946.56528,-0.943,,,V,SAH,,0195 1960,,,,No,,P,,,,Wy Hya,,DIFF,
2454946.56708,-0.963,,,V,SAH,,0195 1960,,,,No,,P,,,,Wy Hya,,DIFF,
2454946.56889,-0.941,,,V,SAH,,0195 1960,,,,No,,P,,,,Wy Hya,,DIFF,
2454946.57069,-0.905,,,V,SAH,,0195 1960,,,,No,,P,,,,Wy Hya,,DIFF,
2454946.57251,-0.892,,,V,SAH,,0195 1960,,,,No,,P,,,,Wy Hya,,DIFF,
2454946.57513,-0.894,,,V,SAH,,0195 1960,,,,No,,P,,,,Wy Hya,,DIFF,
2454946.57619,-0.878,,,V,SAH,,0195 1960,,,,No,,P,,,,Wy Hya,,DIFF,
2454946.57800,-0.86,,,V,SAH,,0195 1960,,,,No,,P,,,,Wy Hya,,DIFF,
2454946.57982,-0.855,,,V,SAH,,0195 1960,,,,No,,P,,,,Wy Hya,,DIFF,
2454946.58162,-0.825,,,V,SAH,,0195 1960,,,,No,,P,,,,Wy Hya,,DIFF,
2454946.58343,-0.801,,,V,SAH,,0195 1960,,,,No,,P,,,,Wy Hya,,DIFF,
2454946.58523,-0.785,,,V,SAH,,0195 1960,,,,No,,P,,,,Wy Hya,,DIFF,
2454946.58704,-0.744,,,V,SAH,,0195 1960,,,,No,,P,,,,Wy Hya,,DIFF,
2454946.58966,-0.733,,,V,SAH,,0195 1960,,,,No,,P,,,,Wy Hya,,DIFF,
2454946.59073,-0.724,,,V,SAH,,0195 1960,,,,No,,P,,,,Wy Hya,,DIFF,
2454946.59254,-0.695,,,V,SAH,,0195 1960,,,,No,,P,,,,Wy Hya,,DIFF,
2454946.59434,-0.681,,,V,SAH,,0195 1960,,,,No,,P,,,,Wy Hya,,DIFF,
2454946.59616,-0.673,,,V,SAH,,0195 1960,,,,No,,P,,,,Wy Hya,,DIFF,
2454946.59796,-0.626,,,V,SAH,,0195 1960,,,,No,,P,,,,Wy Hya,,DIFF,
2454946.59977,-0.618,,,V,SAH,,0195 1960,,,,No,,P,,,,Wy Hya,,DIFF,
2454946.60157,-0.605,,,V,SAH,,0195 1960,,,,No,,P,,,,Wy Hya,,DIFF,
2454946.60420,-0.558,,,V,SAH,,0195 1960,,,,No,,P,,,,Wy Hya,,DIFF,
2454946.60527,-0.519,,,V,SAH,,0195 1960,,,,No,,P,,,,Wy Hya,,DIFF,
2454946.60707,-0.505,,,V,SAH,,0195 1960,,,,No,,P,,,,Wy Hya,,DIFF,
2454946.60888,-0.47,,,V,SAH,,0195 1960,,,,No,,P,,,,Wy Hya,,DIFF,
2454946.61069,-0.44,,,V,SAH,,0195 1960,,,,No,,P,,,,Wy Hya,,DIFF,
2454946.61250,-0.422,,,V,SAH,,0195 1960,,,,No,,P,,,,Wy Hya,,DIFF,
2454946.61431,-0.383,,,V,SAH,,0195 1960,,,,No,,P,,,,Wy Hya,,DIFF,
2454946.61611,-0.356,,,V,SAH,,0195 1960,,,,No,,P,,,,Wy Hya,,DIFF,
2454946.61874,-0.309,,,V,SAH,,0195 1960,,,,No,,P,,,,Wy Hya,,DIFF,
2454946.61980,-0.29,,,V,SAH,,0195 1960,,,,No,,P,,,,Wy Hya,,DIFF,
2454946.62161,-0.281,,,V,SAH,,0195 1960,,,,No,,P,,,,Wy Hya,,DIFF,
2454946.62341,-0.302,,,V,SAH,,0195 1960,,,,No,,P,,,,Wy Hya,,DIFF,
2454946.62522,-0.318,,,V,SAH,,0195 1960,,,,No,,P,,,,Wy Hya,,DIFF,
2454946.62704,-0.33,,,V,SAH,,0195 1960,,,,No,,P,,,,Wy Hya,,DIFF,
2454946.62884,-0.359,,,V,SAH,,0195 1960,,,,No,,P,,,,Wy Hya,,DIFF,
2454946.63065,-0.369,,,V,SAH,,0195 1960,,,,No,,P,,,,Wy Hya,,DIFF,
2454946.63328,-0.408,,,V,SAH,,0195 1960,,,,No,,P,,,,Wy Hya,,DIFF,
2454946.63434,-0.459,,,V,SAH,,0195 1960,,,,No,,P,,,,Wy Hya,,DIFF,
2454946.63615,-0.427,,,V,SAH,,0195 1960,,,,No,,P,,,,Wy Hya,,DIFF,
2454946.63795,-0.477,,,V,SAH,,0195 1960,,,,No,,P,,,,Wy Hya,,DIFF,
