GROUP,PACKAGE,CLASS,INSTRUCTION_MISSED,INSTRUCTION_COVERED,BRANCH_MISSED,BRANCH_COVERED,LINE_MISSED,LINE_COVERED,COMPLEXITY_MISSED,COMPLEXITY_COVERED,METHOD_MISSED,METHOD_COVERED
VStar,org.aavso.tools.vstar.ui.dialog.period,PeriodAnalysis2DResultDialog,475,0,24,0,103,0,22,0,10,0
VStar,org.aavso.tools.vstar.ui.dialog.period,PeriodAnalysisDataTablePane.new Listener() {...},58,0,8,0,12,0,7,0,3,0
VStar,org.aavso.tools.vstar.ui.dialog.period,PeriodAnalysisDataTablePane.new Listener() {...},107,0,10,0,22,0,8,0,3,0
VStar,org.aavso.tools.vstar.ui.dialog.period,PeriodAnalysisDataTablePane.new ActionListener() {...},61,0,4,0,12,0,4,0,2,0
VStar,org.aavso.tools.vstar.ui.dialog.period,PeriodAnalysis2DResultDialog.new WindowAdapter() {...},10,0,0,0,3,0,2,0,2,0
VStar,org.aavso.tools.vstar.ui.dialog.period,PeriodAnalysis2DResultDialog.new Listener() {...},41,0,2,0,9,0,4,0,3,0
VStar,org.aavso.tools.vstar.ui.dialog.period,PeriodAnalysisTopHitsTablePane,146,0,14,0,40,0,16,0,9,0
VStar,org.aavso.tools.vstar.ui.dialog.period,PeriodAnalysis2DChartPane.new Listener() {...},65,0,8,0,14,0,7,0,3,0
VStar,org.aavso.tools.vstar.ui.dialog.period,PeriodAnalysis2DChartPane.new ActionListener() {...},24,12,4,0,6,1,3,1,1,1
VStar,org.aavso.tools.vstar.ui.dialog.period,PeriodAnalysis2DChartPane.new ActionListener() {...},29,9,2,0,8,1,2,1,1,1
VStar,org.aavso.tools.vstar.ui.dialog.period,PeriodAnalysis2DChartPane.new Listener() {...},47,0,8,0,11,0,7,0,3,0
VStar,org.aavso.tools.vstar.ui.dialog.period,PeriodAnalysis2DChartPane.new Listener() {...},65,0,4,0,13,0,5,0,3,0
VStar,org.aavso.tools.vstar.ui.dialog.period,PeriodAnalysis2DChartPane,181,156,15,1,54,42,18,8,10,8
VStar,org.aavso.tools.vstar.ui.dialog.period,PeriodAnalysisDataTablePane,324,0,18,0,83,0,27,0,18,0
VStar,org.aavso.tools.vstar.ui.dialog.period,PeriodAnalysisTopHitsTablePane.new Listener() {...},23,0,2,0,6,0,4,0,3,0
VStar,org.aavso.tools.vstar.ui.dialog.period,PeriodAnalysisTopHitsTablePane.new Listener() {...},120,0,10,0,26,0,8,0,3,0
VStar,org.aavso.tools.vstar.ui.dialog.period,PeriodAnalysisTopHitsTablePane.new ActionListener() {...},216,0,10,0,41,0,7,0,2,0
VStar,org.aavso.tools.vstar.util.plugin,URLAuthenticator,18,0,0,0,5,0,2,0,2,0
VStar,org.aavso.tools.vstar.util.model,TSPolynomialFitter,61,600,12,28,15,112,20,20,9,11
VStar,org.aavso.tools.vstar.util.model,RelativeAmplitudeAndPhaseCreator,365,0,26,0,78,0,22,0,9,0
VStar,org.aavso.tools.vstar.util.model,Harmonic,0,111,2,14,0,28,2,16,0,10
VStar,org.aavso.tools.vstar.util.model,WWZMultiperiodicModel,223,0,16,0,56,0,20,0,12,0
VStar,org.aavso.tools.vstar.util.model,PeriodAnalysisDerivedMultiPeriodicModel,424,367,33,21,92,62,31,17,10,11
VStar,org.aavso.tools.vstar.util.model,AbstractModel,311,0,19,0,73,0,26,0,16,0
VStar,org.aavso.tools.vstar.util.model,PeriodAnalysisDerivedMultiPeriodicModel.new UnivariateRealFunction() {...},39,0,2,0,6,0,3,0,2,0
VStar,org.aavso.tools.vstar.util.model,PeriodFitParameters,12,436,6,10,1,91,6,23,0,21
VStar,org.aavso.tools.vstar.plugin.ob.src.impl,TextFormatObservationSourcePlugin,144,0,6,0,31,0,11,0,8,0
VStar,org.aavso.tools.vstar.plugin.ob.src.impl,NamedNodeMapSequence,0,15,0,0,0,5,0,3,0,3
VStar,org.aavso.tools.vstar.plugin.ob.src.impl,AIDWebServiceCSV2ObservationSourcePlugin.VSXAIDCSVObservationRetriever,159,535,17,67,33,165,20,31,4,5
VStar,org.aavso.tools.vstar.plugin.ob.src.impl,AIDWebServiceXMLAttributeObservationSourcePlugin,47,10,4,0,10,3,3,2,1,2
VStar,org.aavso.tools.vstar.plugin.ob.src.impl,AAVSOPhotometryURLObservationSourceBase.AAVSOPhotometryURLObservationRetriever,211,0,22,0,52,0,16,0,5,0
VStar,org.aavso.tools.vstar.plugin.ob.src.impl,AAVSOPhotometryURLObservationSourceBase.AAVSOPhotometryURLSearchParameterDialog.new ActionListener() {...},168,0,22,0,39,0,14,0,2,0
VStar,org.aavso.tools.vstar.plugin.ob.src.impl,AAVSOPhotometryURLObservationSourceBase.AAVSOPhotometryURLSearchParameterDialog.new ActionListener() {...},49,0,8,0,10,0,6,0,2,0
VStar,org.aavso.tools.vstar.plugin.ob.src.impl,AAVSOPhotometryURLObservationSourceBase,200,41,13,1,39,13,13,3,6,3
VStar,org.aavso.tools.vstar.plugin.ob.src.impl,AIDWebServiceXMLAttributeObservationSourcePlugin.VSXAIDAttributeObservationRetriever,96,508,22,70,24,145,25,29,4,4
VStar,org.aavso.tools.vstar.plugin.ob.src.impl,AIDWebServiceObservationSourcePluginBase,265,227,24,15,68,66,26,14,10,10
VStar,org.aavso.tools.vstar.plugin.ob.src.impl,AAVSOPhotometrySource,116,0,10,0,28,0,12,0,3,0
VStar,org.aavso.tools.vstar.plugin.ob.src.impl,AIDWebServiceCSVObservationSourcePlugin,47,10,4,0,10,3,3,2,1,2
VStar,org.aavso.tools.vstar.plugin.ob.src.impl,AIDWebServiceCSVObservationSourcePlugin.VSXCSVObservationRetriever,137,530,19,69,30,159,22,31,4,5
VStar,org.aavso.tools.vstar.plugin.ob.src.impl,UTF8FilteringInputStream,0,20,0,4,0,9,0,4,0,2
VStar,org.aavso.tools.vstar.plugin.ob.src.impl,AIDWebServiceCSV2ObservationSourcePlugin,99,10,6,0,21,3,5,2,2,2
VStar,org.aavso.tools.vstar.plugin.ob.src.impl,NodeListSequence,15,0,0,0,5,0,3,0,3,0
VStar,org.aavso.tools.vstar.plugin.ob.src.impl,AAVSOPhotometryURLObservationSourceBase.AAVSOPhotometryURLSearchParameterDialog,407,0,8,0,84,0,19,0,15,0
VStar,org.aavso.tools.vstar.ui,NumberSelectionPane.new ChangeListener() {...},0,16,0,0,0,3,0,2,0,2
VStar,org.aavso.tools.vstar.ui,VStar.new Thread.UncaughtExceptionHandler() {...},7,0,0,0,3,0,2,0,2,0
VStar,org.aavso.tools.vstar.ui,VStar.new Runnable() {...},10,0,0,0,3,0,2,0,2,0
VStar,org.aavso.tools.vstar.ui,VStar.new Runnable() {...},5,0,0,0,3,0,2,0,2,0
VStar,org.aavso.tools.vstar.ui,TabbedDataPane,230,0,2,0,49,0,12,0,11,0
VStar,org.aavso.tools.vstar.ui,MainFrame,123,0,2,0,31,0,9,0,8,0
VStar,org.aavso.tools.vstar.ui,StatusPane.new Listener() {...},80,0,8,0,20,0,7,0,3,0
VStar,org.aavso.tools.vstar.ui,ToolBar.new Listener() {...},24,0,0,0,6,0,3,0,3,0
VStar,org.aavso.tools.vstar.ui,ToolBar.new Listener() {...},28,0,6,0,11,0,8,0,3,0
VStar,org.aavso.tools.vstar.ui,ToolBar.new Listener() {...},24,0,0,0,6,0,3,0,3,0
VStar,org.aavso.tools.vstar.ui,ToolBar.new Listener() {...},20,0,2,0,5,0,4,0,3,0
VStar,org.aavso.tools.vstar.ui,UIType,15,0,0,0,3,0,1,0,1,0
VStar,org.aavso.tools.vstar.ui,StatusPane.new ActionListener() {...},22,0,0,0,5,0,2,0,2,0
VStar,org.aavso.tools.vstar.ui,StatusPane.new Listener() {...},76,0,8,0,22,0,10,0,3,0
VStar,org.aavso.tools.vstar.ui,MenuBar.new ActionListener() {...},11,0,0,0,4,0,2,0,2,0
VStar,org.aavso.tools.vstar.ui,MenuBar.new ActionListener() {...},11,0,0,0,3,0,2,0,2,0
VStar,org.aavso.tools.vstar.ui,MenuBar.new ActionListener() {...},13,0,0,0,3,0,2,0,2,0
VStar,org.aavso.tools.vstar.ui,MenuBar.new ActionListener() {...},13,0,0,0,3,0,2,0,2,0
VStar,org.aavso.tools.vstar.ui,MenuBar.new ActionListener() {...},13,0,0,0,3,0,2,0,2,0
VStar,org.aavso.tools.vstar.ui,MenuBar.new ActionListener() {...},23,0,0,0,4,0,2,0,2,0
VStar,org.aavso.tools.vstar.ui,MenuBar.new ActionListener() {...},22,0,0,0,5,0,2,0,2,0
VStar,org.aavso.tools.vstar.ui,VStar,245,0,32,0,75,0,22,0,6,0
VStar,org.aavso.tools.vstar.ui,MenuBar.new ActionListener() {...},28,0,2,0,6,0,3,0,2,0
VStar,org.aavso.tools.vstar.ui,MenuBar.new ActionListener() {...},11,0,0,0,3,0,2,0,2,0
VStar,org.aavso.tools.vstar.ui,VStar.new Runnable() {...},10,0,0,0,4,0,2,0,2,0
VStar,org.aavso.tools.vstar.ui,TabbedDataPane.new Listener() {...},121,0,8,0,17,0,7,0,3,0
VStar,org.aavso.tools.vstar.ui,TabbedDataPane.new Listener() {...},83,0,2,0,12,0,4,0,3,0
VStar,org.aavso.tools.vstar.ui,TabbedDataPane.new Listener() {...},55,0,0,0,12,0,3,0,3,0
VStar,org.aavso.tools.vstar.ui,TabbedDataPane.new ChangeListener() {...},35,0,2,0,5,0,4,0,3,0
VStar,org.aavso.tools.vstar.ui,MenuBar.36.new PluginManagementOperation() {...},36,0,0,0,10,0,2,0,2,0
VStar,org.aavso.tools.vstar.ui,MenuBar.new Listener() {...},29,0,4,0,7,0,5,0,3,0
VStar,org.aavso.tools.vstar.ui,MenuBar.new Listener() {...},19,0,2,0,5,0,4,0,3,0
VStar,org.aavso.tools.vstar.ui,MenuBar.new Listener() {...},14,0,0,0,4,0,3,0,3,0
VStar,org.aavso.tools.vstar.ui,MenuBar.new Listener() {...},38,0,2,0,10,0,4,0,3,0
VStar,org.aavso.tools.vstar.ui,MenuBar,1825,0,59,0,421,0,100,0,70,0
VStar,org.aavso.tools.vstar.ui,MenuBar.new ActionListener() {...},11,0,0,0,3,0,2,0,2,0
VStar,org.aavso.tools.vstar.ui,MenuBar.new ActionListener() {...},9,0,0,0,3,0,2,0,2,0
VStar,org.aavso.tools.vstar.ui,MenuBar.new ActionListener() {...},20,0,0,0,5,0,2,0,2,0
VStar,org.aavso.tools.vstar.ui,MenuBar.new ActionListener() {...},11,0,0,0,3,0,2,0,2,0
VStar,org.aavso.tools.vstar.ui,MenuBar.new ActionListener() {...},21,0,0,0,4,0,2,0,2,0
VStar,org.aavso.tools.vstar.ui,MenuBar.new ActionListener() {...},29,0,2,0,8,0,3,0,2,0
VStar,org.aavso.tools.vstar.ui,MenuBar.new ActionListener() {...},11,0,0,0,3,0,2,0,2,0
VStar,org.aavso.tools.vstar.ui,MenuBar.new ActionListener() {...},20,0,0,0,5,0,2,0,2,0
VStar,org.aavso.tools.vstar.ui,MenuBar.new ActionListener() {...},20,0,0,0,5,0,2,0,2,0
VStar,org.aavso.tools.vstar.ui,MenuBar.new ActionListener() {...},21,0,0,0,4,0,2,0,2,0
VStar,org.aavso.tools.vstar.ui,MenuBar.new Listener() {...},12,0,0,0,4,0,3,0,3,0
VStar,org.aavso.tools.vstar.ui,MenuBar.new Listener() {...},12,0,0,0,4,0,3,0,3,0
VStar,org.aavso.tools.vstar.ui,MenuBar.new Listener() {...},32,0,7,0,12,0,9,0,3,0
VStar,org.aavso.tools.vstar.ui,MenuBar.new ActionListener() {...},11,0,0,0,3,0,2,0,2,0
VStar,org.aavso.tools.vstar.ui,MenuBar.new Listener() {...},89,0,0,0,19,0,3,0,3,0
VStar,org.aavso.tools.vstar.ui,MenuBar.new Listener() {...},42,0,3,0,11,0,5,0,3,0
VStar,org.aavso.tools.vstar.ui,MenuBar.new ActionListener() {...},25,0,0,0,8,0,2,0,2,0
VStar,org.aavso.tools.vstar.ui,MenuBar.new ActionListener() {...},24,0,0,0,8,0,2,0,2,0
VStar,org.aavso.tools.vstar.ui,MenuBar.new ActionListener() {...},8,0,0,0,3,0,2,0,2,0
VStar,org.aavso.tools.vstar.ui,MenuBar.new ActionListener() {...},8,0,0,0,3,0,2,0,2,0
VStar,org.aavso.tools.vstar.ui,MenuBar.new ActionListener() {...},11,0,0,0,3,0,2,0,2,0
VStar,org.aavso.tools.vstar.ui,MenuBar.new ActionListener() {...},11,0,0,0,3,0,2,0,2,0
VStar,org.aavso.tools.vstar.ui,MenuBar.new ActionListener() {...},19,0,0,0,4,0,2,0,2,0
VStar,org.aavso.tools.vstar.ui,MenuBar.new ActionListener() {...},19,0,0,0,4,0,2,0,2,0
VStar,org.aavso.tools.vstar.ui,MenuBar.new ActionListener() {...},15,0,0,0,4,0,2,0,2,0
VStar,org.aavso.tools.vstar.ui,MenuBar.new ActionListener() {...},14,0,0,0,4,0,2,0,2,0
VStar,org.aavso.tools.vstar.ui,MenuBar.new ActionListener() {...},20,0,2,0,5,0,3,0,2,0
VStar,org.aavso.tools.vstar.ui,MenuBar.new ActionListener() {...},17,0,0,0,4,0,2,0,2,0
VStar,org.aavso.tools.vstar.ui,MenuBar.new ActionListener() {...},28,0,2,0,6,0,3,0,2,0
VStar,org.aavso.tools.vstar.ui,StatusPane,220,0,6,0,50,0,16,0,13,0
VStar,org.aavso.tools.vstar.ui,MenuBar.new ActionListener() {...},19,0,0,0,4,0,2,0,2,0
VStar,org.aavso.tools.vstar.ui,MenuBar.new ActionListener() {...},19,0,0,0,4,0,2,0,2,0
VStar,org.aavso.tools.vstar.ui,MenuBar.new ActionListener() {...},19,0,0,0,4,0,2,0,2,0
VStar,org.aavso.tools.vstar.ui,MenuBar.new ActionListener() {...},11,0,0,0,3,0,2,0,2,0
VStar,org.aavso.tools.vstar.ui,MenuBar.new ActionListener() {...},19,0,0,0,4,0,2,0,2,0
VStar,org.aavso.tools.vstar.ui,MenuBar.new ActionListener() {...},20,0,0,0,5,0,2,0,2,0
VStar,org.aavso.tools.vstar.ui,MenuBar.new ActionListener() {...},11,0,0,0,3,0,2,0,2,0
VStar,org.aavso.tools.vstar.ui,MenuBar.new ActionListener() {...},19,0,0,0,4,0,2,0,2,0
VStar,org.aavso.tools.vstar.ui,MenuBar.new ActionListener() {...},13,0,0,0,3,0,2,0,2,0
VStar,org.aavso.tools.vstar.ui,MenuBar.new ActionListener() {...},11,0,0,0,3,0,2,0,2,0
VStar,org.aavso.tools.vstar.ui,MenuBar.new ActionListener() {...},12,0,0,0,3,0,2,0,2,0
VStar,org.aavso.tools.vstar.ui,MenuBar.36.1.new Runnable() {...},11,0,0,0,3,0,2,0,2,0
VStar,org.aavso.tools.vstar.ui,MenuBar.36.1.new Runnable() {...},11,0,0,0,3,0,2,0,2,0
VStar,org.aavso.tools.vstar.ui,MenuBar.36.1.new Runnable() {...},14,0,0,0,3,0,2,0,2,0
VStar,org.aavso.tools.vstar.ui,NamedComponent,33,0,0,0,13,0,5,0,5,0
VStar,org.aavso.tools.vstar.ui,ToolBar,994,0,42,0,233,0,29,0,8,0
VStar,org.aavso.tools.vstar.ui,NumberSelectionPane,64,75,4,4,7,14,4,2,0,2
VStar,org.aavso.tools.vstar.ui.vela,VeLaDialog.new KeyAdapter() {...},60,0,11,0,25,0,10,0,2,0
VStar,org.aavso.tools.vstar.ui.vela,VeLaDialog.new DocumentListener() {...},24,0,0,0,9,0,5,0,5,0
VStar,org.aavso.tools.vstar.ui.vela,VeLaDialog,585,0,38,0,143,0,42,0,23,0
VStar,org.aavso.tools.vstar.util.stats.epoch,AlphaOmegaMeanJDEpochStrategy,2,20,0,0,1,2,1,2,1,2
VStar,org.aavso.tools.vstar.util.stats.epoch,MinMagEpochStrategy,6,37,1,5,1,10,2,5,1,3
VStar,org.aavso.tools.vstar.util.stats.epoch,MaxMagEpochStrategy,6,37,1,5,1,10,2,5,1,3
VStar,org.aavso.tools.vstar.data.validation,MagnitudeValueValidator,15,46,1,1,6,14,3,3,2,3
VStar,org.aavso.tools.vstar.data.validation,SimpleTextFormatValidator,5,9,0,0,2,2,1,1,1,1
VStar,org.aavso.tools.vstar.data.validation,InclusiveRangePredicate,20,5,4,0,2,2,4,1,2,1
VStar,org.aavso.tools.vstar.data.validation,ValflagValidator,0,34,0,2,0,10,0,5,0,4
VStar,org.aavso.tools.vstar.data.validation,ExclusiveRangePredicate,25,0,4,0,4,0,5,0,3,0
VStar,org.aavso.tools.vstar.data.validation,AbstractStringValidator,6,39,1,7,2,13,2,6,1,3
VStar,org.aavso.tools.vstar.data.validation,CKMagValidator,4,36,1,7,0,10,1,7,0,4
VStar,org.aavso.tools.vstar.data.validation,OptionalityFieldValidator,0,24,0,2,0,9,0,5,0,4
VStar,org.aavso.tools.vstar.data.validation,CommentCodeValidator,0,31,0,2,0,9,0,5,0,4
VStar,org.aavso.tools.vstar.data.validation,MagnitudeFieldValidator,7,140,5,15,1,30,5,9,0,4
VStar,org.aavso.tools.vstar.data.validation,TransformedValidator,12,43,6,6,3,13,5,3,0,2
VStar,org.aavso.tools.vstar.data.validation,UncertaintyValueValidator,0,19,0,2,0,6,0,4,0,3
VStar,org.aavso.tools.vstar.data.validation,JulianDayValidator,0,66,0,2,0,19,0,6,0,5
VStar,org.aavso.tools.vstar.data.validation,SimpleFormatFieldInfoSource,0,51,0,0,0,10,0,3,0,3
VStar,org.aavso.tools.vstar.data.validation,MTypeValidator,4,57,2,8,0,18,2,7,0,4
VStar,org.aavso.tools.vstar.data.validation,RangePredicate,0,9,0,0,0,4,0,1,0,1
VStar,org.aavso.tools.vstar.data.validation,AAVSOFormatFieldInfoSource,0,184,0,0,0,29,0,3,0,3
VStar,org.aavso.tools.vstar.data.validation,RealValueValidator,19,55,0,6,3,14,0,6,0,3
VStar,org.aavso.tools.vstar.data.validation,RegexValidator,9,83,1,5,2,20,1,5,0,3
VStar,org.aavso.tools.vstar.data.validation,ObservationTypeValidator,0,19,0,2,0,6,0,3,0,2
VStar,org.aavso.tools.vstar.data.validation,AAVSODownloadFormatValidator,0,381,1,1,0,73,1,2,0,2
VStar,org.aavso.tools.vstar.data.validation,CompStarValidator,8,18,1,3,1,7,1,4,0,3
VStar,org.aavso.tools.vstar.data.validation,CommonTextFormatValidator,5,167,3,5,1,37,3,5,0,4
VStar,org.aavso.tools.vstar.data.validation,ObserverCodeValidator,0,30,0,2,0,9,0,5,0,4
VStar,org.aavso.tools.vstar.ui.undo,UndoableActionManager.new Listener() {...},20,0,0,0,5,0,3,0,3,0
VStar,org.aavso.tools.vstar.ui.undo,UndoableActionManager.new Listener() {...},20,0,0,0,5,0,3,0,3,0
VStar,org.aavso.tools.vstar.ui.undo,UndoableActionManager.new Listener() {...},21,0,0,0,6,0,3,0,3,0
VStar,org.aavso.tools.vstar.ui.undo,UndoableActionManager,176,0,18,0,45,0,21,0,12,0
VStar,org.aavso.tools.vstar.ui.undo,ObservationExclusionAction,58,0,6,0,16,0,7,0,4,0
VStar,org.aavso.tools.vstar.vela,VeLaPrefs,111,0,2,0,43,0,13,0,12,0
VStar,org.aavso.tools.vstar.vela,VeLaParser.ListContext,38,17,5,1,9,4,9,3,6,3
VStar,org.aavso.tools.vstar.vela,VeLaParser.AnonFundefContext,53,29,5,1,12,6,12,5,9,5
VStar,org.aavso.tools.vstar.vela,VeLaParser.ExponentiationExpressionContext,35,19,5,1,9,4,9,3,6,3
VStar,org.aavso.tools.vstar.vela,VeLaParser.SelectionExpressionContext,34,13,5,1,8,3,8,2,5,2
VStar,org.aavso.tools.vstar.vela,VeLaParser.IfExpressionContext,37,29,5,1,9,6,9,5,6,5
VStar,org.aavso.tools.vstar.vela,VeLaParser.SymbolContext,27,13,5,1,7,3,7,2,4,2
VStar,org.aavso.tools.vstar.vela,VeLaParser.ExclusiveOrExpressionContext,35,19,5,1,9,4,9,3,6,3
VStar,org.aavso.tools.vstar.vela,VeLaParser.WhenExpressionContext,40,29,5,1,10,6,10,5,7,5
VStar,org.aavso.tools.vstar.vela,VeLaParser.BindingContext,32,25,5,1,8,5,8,4,5,4
VStar,org.aavso.tools.vstar.vela,VeLaParser.BoolContext,22,18,5,1,6,4,6,3,3,3
VStar,org.aavso.tools.vstar.vela,VeLaParser.UnaryExpressionContext,27,19,5,1,7,4,7,3,4,3
VStar,org.aavso.tools.vstar.vela,VeLaInterpreter.new FunctionExecutor() {...},3,50,1,1,1,6,1,2,0,2
VStar,org.aavso.tools.vstar.vela,VeLaEnvironment,53,91,4,8,12,24,6,9,3,6
VStar,org.aavso.tools.vstar.vela,VeLaInterpreter.new FunctionExecutor() {...},0,65,0,2,0,8,0,3,0,2
VStar,org.aavso.tools.vstar.vela,VeLaInterpreter.new FunctionExecutor() {...},0,37,0,0,0,5,0,2,0,2
VStar,org.aavso.tools.vstar.vela,VeLaInterpreter.new FunctionExecutor() {...},0,42,0,0,0,7,0,2,0,2
VStar,org.aavso.tools.vstar.vela,VeLaInterpreter.new FunctionExecutor() {...},0,24,0,0,0,2,0,2,0,2
VStar,org.aavso.tools.vstar.vela,VeLaInterpreter.new FunctionExecutor() {...},9,11,0,0,2,1,1,1,1,1
VStar,org.aavso.tools.vstar.vela,VeLaInterpreter.new FunctionExecutor() {...},0,41,0,2,0,7,0,3,0,2
VStar,org.aavso.tools.vstar.vela,VeLaInterpreter.new FunctionExecutor() {...},9,9,0,0,2,1,1,1,1,1
VStar,org.aavso.tools.vstar.vela,VeLaInterpreter.new FunctionExecutor() {...},0,41,0,2,0,9,0,3,0,2
VStar,org.aavso.tools.vstar.vela,VeLaInterpreter.new FunctionExecutor() {...},0,72,0,6,0,13,0,5,0,2
VStar,org.aavso.tools.vstar.vela,VeLaInterpreter.new FunctionExecutor() {...},0,36,0,2,0,7,0,3,0,2
VStar,org.aavso.tools.vstar.vela,VeLaInterpreter.new FunctionExecutor() {...},0,39,0,0,0,7,0,2,0,2
VStar,org.aavso.tools.vstar.vela,VeLaInterpreter.new FunctionExecutor() {...},0,27,0,0,0,3,0,2,0,2
VStar,org.aavso.tools.vstar.vela,VeLaInterpreter.new FunctionExecutor() {...},0,35,0,2,0,4,0,3,0,2
VStar,org.aavso.tools.vstar.vela,VeLaInterpreter.new FunctionExecutor() {...},31,61,6,3,9,10,6,3,0,2
VStar,org.aavso.tools.vstar.vela,VeLaInterpreter.new FunctionExecutor() {...},0,50,0,2,0,9,0,3,0,2
VStar,org.aavso.tools.vstar.vela,VeLaInterpreter.new FunctionExecutor() {...},0,75,1,3,0,12,1,3,0,2
VStar,org.aavso.tools.vstar.vela,VeLaInterpreter.new FunctionExecutor() {...},103,11,8,0,17,1,5,1,1,1
VStar,org.aavso.tools.vstar.vela,VeLaInterpreter.new FunctionExecutor() {...},10,80,2,6,2,15,2,4,0,2
VStar,org.aavso.tools.vstar.vela,VeLaInterpreter.new FunctionExecutor() {...},10,83,2,6,2,15,2,4,0,2
VStar,org.aavso.tools.vstar.vela,VeLaInterpreter.new FunctionExecutor() {...},5,73,1,3,1,11,1,3,0,2
VStar,org.aavso.tools.vstar.vela,VeLaInterpreter.new FunctionExecutor() {...},0,65,0,2,0,8,0,3,0,2
VStar,org.aavso.tools.vstar.vela,VeLaParser.WhileLoopContext,27,25,5,1,7,5,7,4,4,4
VStar,org.aavso.tools.vstar.vela,VeLaParser.AdditiveExpressionContext,44,19,5,1,11,4,11,3,8,3
VStar,org.aavso.tools.vstar.vela,VeLaParser.ConjunctiveExpressionContext,35,19,5,1,9,4,9,3,6,3
VStar,org.aavso.tools.vstar.vela,Type,86,190,26,29,36,49,25,17,2,5
VStar,org.aavso.tools.vstar.vela,VeLaParser.StringContext,22,18,5,1,6,4,6,3,3,3
VStar,org.aavso.tools.vstar.vela,VeLaBaseVisitor,112,15,0,0,28,4,28,4,28,4
VStar,org.aavso.tools.vstar.vela,VeLaParser.SequenceContext,62,13,5,1,14,3,14,2,11,2
VStar,org.aavso.tools.vstar.vela,VeLaParser.RealContext,22,18,5,1,6,4,6,3,3,3
VStar,org.aavso.tools.vstar.vela,VeLaParser.FuncallContext,38,23,5,1,9,5,9,4,6,4
VStar,org.aavso.tools.vstar.vela,Operation,7,345,0,4,2,27,1,11,1,9
VStar,org.aavso.tools.vstar.vela,VeLaStandardLibrary,0,565,0,0,0,142,0,4,0,4
VStar,org.aavso.tools.vstar.vela,VeLaParser.NamedFundefContext,43,40,5,1,10,8,10,7,7,7
VStar,org.aavso.tools.vstar.vela,VeLaParser.IntegerContext,22,18,5,1,6,4,6,3,3,3
VStar,org.aavso.tools.vstar.vela,VeLaBaseListener,69,0,0,0,67,0,67,0,67,0
VStar,org.aavso.tools.vstar.vela,VeLaParser.LogicalNegationExpressionContext,27,19,5,1,7,4,7,3,4,3
VStar,org.aavso.tools.vstar.vela,VeLaParser.FactorContext,69,24,5,1,14,5,14,4,11,4
VStar,org.aavso.tools.vstar.vela,FunctionExecutor,109,218,27,19,28,50,18,18,4,9
VStar,org.aavso.tools.vstar.vela,VeLaParser,491,2678,19,108,134,566,23,86,4,35
VStar,org.aavso.tools.vstar.vela,Operand,295,887,56,114,80,189,56,82,9,29
VStar,org.aavso.tools.vstar.vela,VeLaParser.BooleanExpressionContext,35,19,5,1,9,4,9,3,6,3
VStar,org.aavso.tools.vstar.vela,ExpressionVisitor,15,791,4,52,3,142,4,60,0,36
VStar,org.aavso.tools.vstar.vela,VeLaValidObservationEnvironment,295,200,47,18,68,53,37,11,5,7
VStar,org.aavso.tools.vstar.vela,VeLaErrorListener,0,13,0,0,0,5,0,5,0,5
VStar,org.aavso.tools.vstar.vela,VeLaParseError,0,21,0,0,0,8,0,4,0,4
VStar,org.aavso.tools.vstar.vela,VeLaInterpreter.new FunctionExecutor() {...},22,9,0,0,6,1,1,1,1,1
VStar,org.aavso.tools.vstar.vela,VeLaInterpreter.new FunctionExecutor() {...},0,17,0,0,0,2,0,2,0,2
VStar,org.aavso.tools.vstar.vela,VeLaInterpreter.new FunctionExecutor() {...},0,17,0,0,0,2,0,2,0,2
VStar,org.aavso.tools.vstar.vela,VeLaInterpreter.new FunctionExecutor() {...},5,97,1,7,1,22,1,5,0,2
VStar,org.aavso.tools.vstar.vela,VeLaParser.ExpressionContext,34,13,5,1,8,3,8,2,5,2
VStar,org.aavso.tools.vstar.vela,VeLaParser.ConsequentContext,34,13,5,1,8,3,8,2,5,2
VStar,org.aavso.tools.vstar.vela,EmptyVeLaEnvironment,5,0,0,0,2,0,2,0,2,0
VStar,org.aavso.tools.vstar.vela,VeLaParser.BlockContext,32,19,5,1,8,4,8,3,5,3
VStar,org.aavso.tools.vstar.vela,VeLaParser.TypeContext,57,13,5,1,13,3,13,2,10,2
VStar,org.aavso.tools.vstar.vela,VeLaEvalError,0,9,0,0,0,4,0,2,0,2
VStar,org.aavso.tools.vstar.vela,VeLaLexer,14,720,0,8,7,23,7,6,7,2
VStar,org.aavso.tools.vstar.vela,VeLaParser.RelationalExpressionContext,66,19,5,1,15,4,15,3,12,3
VStar,org.aavso.tools.vstar.vela,VeLaScriptDriver,161,0,30,0,48,0,17,0,2,0
VStar,org.aavso.tools.vstar.vela,VeLaScope,0,114,1,13,0,28,1,13,0,7
VStar,org.aavso.tools.vstar.vela,VeLaParser.ShiftExpressionContext,44,19,5,1,11,4,11,3,8,3
VStar,org.aavso.tools.vstar.vela,UserDefinedFunctionExecutor,12,151,4,18,3,30,5,10,1,3
VStar,org.aavso.tools.vstar.vela,VeLaParser.MultiplicativeExpressionContext,44,19,5,1,11,4,11,3,8,3
VStar,org.aavso.tools.vstar.vela,JavaMethodExecutor,36,156,7,11,11,38,6,8,1,4
VStar,org.aavso.tools.vstar.vela,VeLaParser.FormalParameterContext,27,25,5,1,7,5,7,4,4,4
VStar,org.aavso.tools.vstar.vela,VeLaInterpreter,705,3514,84,306,101,620,79,208,5,59
VStar,org.aavso.tools.vstar.vela,AST,354,172,43,11,79,52,34,22,10,19
VStar,org.aavso.tools.vstar.util.period,PeriodAnalysisCoordinateType,92,87,23,5,29,29,17,9,4,8
VStar,org.aavso.tools.vstar.ui.dialog,AbstractOkCancelDialog,29,147,2,0,12,36,5,9,4,9
VStar,org.aavso.tools.vstar.ui.dialog,DelimitedFieldFileSaveChooser.new ActionListener() {...},12,6,2,0,3,1,2,1,1,1
VStar,org.aavso.tools.vstar.ui.dialog,PlotControlDialog,544,0,4,0,124,0,19,0,17,0
VStar,org.aavso.tools.vstar.ui.dialog,AboutBox,280,214,1,1,60,56,5,2,4,2
VStar,org.aavso.tools.vstar.ui.dialog,ObservationDetailsDialog,185,0,4,0,45,0,9,0,7,0
VStar,org.aavso.tools.vstar.ui.dialog,PlotControlDialog.new ActionListener() {...},10,0,0,0,3,0,2,0,2,0
VStar,org.aavso.tools.vstar.ui.dialog,PlotControlDialog.new ActionListener() {...},10,0,0,0,3,0,2,0,2,0
VStar,org.aavso.tools.vstar.ui.dialog,PlotControlDialog.new ActionListener() {...},10,0,0,0,3,0,2,0,2,0
VStar,org.aavso.tools.vstar.ui.dialog,PlotControlDialog.new ActionListener() {...},10,0,0,0,3,0,2,0,2,0
VStar,org.aavso.tools.vstar.ui.dialog,PlotControlDialog.new ActionListener() {...},10,0,0,0,3,0,2,0,2,0
VStar,org.aavso.tools.vstar.ui.dialog,PlotControlDialog.new ActionListener() {...},10,0,0,0,3,0,2,0,2,0
VStar,org.aavso.tools.vstar.ui.dialog,SaveChooser,123,78,34,10,29,19,25,2,4,1
VStar,org.aavso.tools.vstar.ui.dialog,LoginDialog,206,0,4,0,49,0,12,0,10,0
VStar,org.aavso.tools.vstar.ui.dialog,FileExtensionFilter,0,74,0,8,0,20,0,7,0,3
VStar,org.aavso.tools.vstar.ui.dialog,AdditiveLoadFileOrUrlChooser.new ActionListener() {...},21,0,2,0,4,0,3,0,2,0
VStar,org.aavso.tools.vstar.ui.dialog,AdditiveLoadFileOrUrlChooser.new ActionListener() {...},52,0,4,0,7,0,4,0,2,0
VStar,org.aavso.tools.vstar.ui.dialog,AdditiveLoadFileOrUrlChooser.new ActionListener() {...},45,0,4,0,7,0,4,0,2,0
VStar,org.aavso.tools.vstar.ui.dialog,StarSelectorDialog,811,0,24,0,182,0,49,0,37,0
VStar,org.aavso.tools.vstar.ui.dialog,MultiEntryComponentDialog,112,156,21,15,28,37,21,8,7,4
VStar,org.aavso.tools.vstar.ui.dialog,PhaseDialog.new Listener() {...},41,0,4,0,9,0,5,0,3,0
VStar,org.aavso.tools.vstar.ui.dialog,PhaseDialog.new ActionListener() {...},28,0,0,0,7,0,2,0,2,0
VStar,org.aavso.tools.vstar.ui.dialog,PhaseDialog.new ActionListener() {...},45,0,0,0,10,0,2,0,2,0
VStar,org.aavso.tools.vstar.ui.dialog,PhaseDialog.new Listener() {...},30,0,0,0,8,0,3,0,3,0
VStar,org.aavso.tools.vstar.ui.dialog,RadioButtonDialog,19,127,1,3,6,33,3,6,2,5
VStar,org.aavso.tools.vstar.ui.dialog,StarSelectorDialog.new ActionListener() {...},83,0,10,0,23,0,7,0,2,0
VStar,org.aavso.tools.vstar.ui.dialog,StarSelectorDialog.new ActionListener() {...},7,0,0,0,2,0,2,0,2,0
VStar,org.aavso.tools.vstar.ui.dialog,StarSelectorDialog.new DocumentListener() {...},55,0,4,0,19,0,7,0,5,0
VStar,org.aavso.tools.vstar.ui.dialog,StarSelectorDialog.new ActionListener() {...},33,0,2,0,7,0,3,0,2,0
VStar,org.aavso.tools.vstar.ui.dialog,NumberFieldBase,10,58,1,1,3,18,3,9,2,9
VStar,org.aavso.tools.vstar.ui.dialog,AboutBox.new ActionListener() {...},14,0,0,0,4,0,2,0,2,0
VStar,org.aavso.tools.vstar.ui.dialog,TextArea,51,65,4,4,14,18,13,4,9,4
VStar,org.aavso.tools.vstar.ui.dialog,LoadChooser,125,53,19,7,29,15,19,2,7,1
VStar,org.aavso.tools.vstar.ui.dialog,AuthCodeLoginDialog,213,0,2,0,54,0,12,0,11,0
VStar,org.aavso.tools.vstar.ui.dialog,ObservationDetailsDialog.new ActionListener() {...},14,0,0,0,4,0,2,0,2,0
VStar,org.aavso.tools.vstar.ui.dialog,ObservationDetailsDialog.new ActionListener() {...},63,0,0,0,21,0,2,0,2,0
VStar,org.aavso.tools.vstar.ui.dialog,ObservationDetailsDialog.new Listener() {...},37,0,6,0,7,0,6,0,3,0
VStar,org.aavso.tools.vstar.ui.dialog,SelectableTextField,89,0,2,0,26,0,13,0,12,0
VStar,org.aavso.tools.vstar.ui.dialog,LoginDialog.new ActionListener() {...},10,0,0,0,3,0,2,0,2,0
VStar,org.aavso.tools.vstar.ui.dialog,PolynomialDegreeDialog,38,133,3,1,10,33,4,5,2,5
VStar,org.aavso.tools.vstar.ui.dialog,StarGroupSelectionPane.new ActionListener() {...},25,0,2,0,7,0,3,0,2,0
VStar,org.aavso.tools.vstar.ui.dialog,StarGroupSelectionPane.new ActionListener() {...},44,0,6,0,8,0,5,0,2,0
VStar,org.aavso.tools.vstar.ui.dialog,MessageBox,296,0,26,0,89,0,26,0,13,0
VStar,org.aavso.tools.vstar.ui.dialog,PNGImageFileSaveChooser,30,23,6,0,5,6,5,1,2,1
VStar,org.aavso.tools.vstar.ui.dialog,DiscrepantReportDialog,34,188,3,1,11,48,4,6,2,6
VStar,org.aavso.tools.vstar.ui.dialog,LongField,59,0,10,0,14,0,9,0,4,0
VStar,org.aavso.tools.vstar.ui.dialog,AdditiveLoadFileOrUrlChooser,448,0,20,0,106,0,32,0,22,0
VStar,org.aavso.tools.vstar.ui.dialog,PhaseParameterDialog,171,154,24,0,53,39,18,7,6,7
VStar,org.aavso.tools.vstar.ui.dialog,StarGroupSelectionPane,741,0,110,0,178,0,85,0,30,0
VStar,org.aavso.tools.vstar.ui.dialog,Checkbox,48,0,2,0,14,0,10,0,9,0
VStar,org.aavso.tools.vstar.ui.dialog,StarSelectorDialog.UpdateListener,13,0,0,0,4,0,3,0,3,0
VStar,org.aavso.tools.vstar.ui.dialog,IntegerField,9,53,4,6,5,11,4,5,0,4
VStar,org.aavso.tools.vstar.ui.dialog,DoubleField,2,59,0,10,1,14,0,8,0,3
VStar,org.aavso.tools.vstar.ui.dialog,AbstractOkCancelDialog.new ActionListener() {...},4,6,0,0,2,1,1,1,1,1
VStar,org.aavso.tools.vstar.ui.dialog,AbstractOkCancelDialog.new ActionListener() {...},11,6,0,0,4,1,1,1,1,1
VStar,org.aavso.tools.vstar.ui.dialog,AbstractOkCancelDialog.new ActionListener() {...},4,6,0,0,2,1,1,1,1,1
VStar,org.aavso.tools.vstar.ui.dialog,DateToJdDialog,157,485,25,11,39,93,21,13,3,13
VStar,org.aavso.tools.vstar.ui.dialog,AuthCodeLoginDialog.new ActionListener() {...},10,0,0,0,3,0,2,0,2,0
VStar,org.aavso.tools.vstar.ui.dialog,AuthCodeLoginDialog.new ActionListener() {...},14,0,0,0,3,0,2,0,2,0
VStar,org.aavso.tools.vstar.ui.dialog,TextField,30,48,2,2,9,15,8,5,6,5
VStar,org.aavso.tools.vstar.ui.dialog,DelimitedFieldFileSaveChooser,91,228,10,8,22,47,13,6,6,4
VStar,org.aavso.tools.vstar.ui.dialog,DateToJdDialog.DoubleFieldSeconds,0,31,0,2,0,7,0,3,0,2
VStar,org.aavso.tools.vstar.ui.dialog,InfoDialog,408,9,23,1,100,4,16,1,4,1
VStar,org.aavso.tools.vstar.ui.dialog,SeriesTypeCreationDialog,61,134,4,0,14,29,3,4,1,4
VStar,org.aavso.tools.vstar.ui.dialog,PhaseDialog,230,0,8,0,55,0,13,0,9,0
VStar,org.aavso.tools.vstar.ui.dialog,TextAreaTabs,227,0,26,0,48,0,23,0,10,0
VStar,org.aavso.tools.vstar.ui.dialog,DateToJdDialog.new ActionListener() {...},4,6,0,0,2,1,1,1,1,1
VStar,org.aavso.tools.vstar.ui.dialog,TextDialog,56,212,8,12,16,46,10,10,5,5
VStar,org.aavso.tools.vstar.ui.dialog,LogDialog,214,0,2,0,57,0,6,0,5,0
VStar,org.aavso.tools.vstar.ui.mediator.message,MultipleObservationSelectionMessage,10,0,0,0,4,0,2,0,2,0
VStar,org.aavso.tools.vstar.ui.mediator.message,ExcludedObservationMessage,10,0,0,0,4,0,2,0,2,0
VStar,org.aavso.tools.vstar.ui.mediator.message,PeriodChangeMessage,10,0,0,0,4,0,2,0,2,0
VStar,org.aavso.tools.vstar.ui.mediator.message,ProgressType,0,45,0,0,0,8,0,1,0,1
VStar,org.aavso.tools.vstar.ui.mediator.message,SeriesVisibilityChangeMessage,10,0,0,0,4,0,2,0,2,0
VStar,org.aavso.tools.vstar.ui.mediator.message,ProgressInfo,0,57,0,0,0,15,0,5,0,5
VStar,org.aavso.tools.vstar.ui.mediator.message,ZoomRequestMessage,0,10,0,0,0,4,0,2,0,2
VStar,org.aavso.tools.vstar.ui.mediator.message,ObservationSelectionMessage,10,0,0,0,4,0,2,0,2,0
VStar,org.aavso.tools.vstar.ui.mediator.message,PanRequestMessage,0,10,0,0,0,4,0,2,0,2
VStar,org.aavso.tools.vstar.ui.mediator.message,UndoActionMessage,16,0,0,0,6,0,3,0,3,0
VStar,org.aavso.tools.vstar.ui.mediator.message,HarmonicSearchResultMessage,32,0,0,0,12,0,6,0,6,0
VStar,org.aavso.tools.vstar.ui.mediator.message,PanType,0,27,0,0,0,2,0,1,0,1
VStar,org.aavso.tools.vstar.ui.mediator.message,ModelSelectionMessage,10,0,0,0,4,0,2,0,2,0
VStar,org.aavso.tools.vstar.ui.mediator.message,PeriodAnalysisRefinementMessage,22,0,0,0,8,0,4,0,4,0
VStar,org.aavso.tools.vstar.ui.mediator.message,PeriodAnalysisSelectionMessage,16,0,0,0,6,0,3,0,3,0
VStar,org.aavso.tools.vstar.ui.mediator.message,PhaseSelectionMessage,22,0,0,0,8,0,4,0,4,0
VStar,org.aavso.tools.vstar.ui.mediator.message,MeanSourceSeriesChangeMessage,10,0,0,0,4,0,2,0,2,0
VStar,org.aavso.tools.vstar.ui.mediator.message,FilteredObservationMessage,39,0,2,0,11,0,5,0,4,0
VStar,org.aavso.tools.vstar.ui.mediator.message,StopRequestMessage,4,0,0,0,2,0,1,0,1,0
VStar,org.aavso.tools.vstar.ui.mediator.message,ZoomType,0,21,0,0,0,2,0,1,0,1
VStar,org.aavso.tools.vstar.ui.mediator.message,MessageBase,0,16,0,0,0,7,0,4,0,4
VStar,org.aavso.tools.vstar.ui.mediator.message,PhaseChangeMessage,81,0,6,0,19,0,8,0,5,0
VStar,org.aavso.tools.vstar.ui.mediator.message,UndoableActionType,55,0,8,0,18,0,9,0,3,0
VStar,org.aavso.tools.vstar.ui.mediator.message,NewStarMessage,33,32,0,0,13,11,10,2,10,2
VStar,org.aavso.tools.vstar.ui.mediator.message,AnalysisTypeChangeMessage,33,0,0,0,12,0,6,0,6,0
VStar,org.aavso.tools.vstar.ui.mediator.message,StarGroupChangedMessage,4,0,0,0,2,0,1,0,1,0
VStar,org.aavso.tools.vstar.ui.mediator.message,DiscrepantObservationMessage,10,0,0,0,4,0,2,0,2,0
VStar,org.aavso.tools.vstar.ui.mediator.message,ModelCreationMessage,10,0,0,0,4,0,2,0,2,0
VStar,org.aavso.tools.vstar.ui.mediator.message,SeriesCreationMessage,16,0,0,0,6,0,3,0,3,0
VStar,org.aavso.tools.vstar.input,AbstractObservationRetriever.new Listener() {...},7,6,0,0,3,1,2,1,2,1
VStar,org.aavso.tools.vstar.input,AbstractObservationRetriever,292,297,51,29,78,75,55,22,25,12
VStar,org.aavso.tools.vstar.input.database,Authenticator,117,0,14,0,35,0,11,0,4,0
VStar,org.aavso.tools.vstar.input.database,VSXWebServiceStarInfoSource,55,203,2,6,14,45,4,7,2,5
VStar,org.aavso.tools.vstar.input.database,AuthenticationTask,40,0,4,0,13,0,5,0,3,0
VStar,org.aavso.tools.vstar.input.database,DatabaseType,56,0,0,0,6,0,3,0,3,0
VStar,org.aavso.tools.vstar.ui.dialog.period.wwz,WWZPlotPane.new Listener() {...},78,0,10,0,18,0,8,0,3,0
VStar,org.aavso.tools.vstar.ui.dialog.period.wwz,WeightedWaveletZTransformResultDialog.new Listener() {...},25,0,2,0,7,0,4,0,3,0
VStar,org.aavso.tools.vstar.ui.dialog.period.wwz,WWZDataTablePane.new ActionListener() {...},76,0,4,0,17,0,4,0,2,0
VStar,org.aavso.tools.vstar.ui.dialog.period.wwz,WWZDataTablePane.new Listener() {...},99,0,10,0,22,0,8,0,3,0
VStar,org.aavso.tools.vstar.ui.dialog.period.wwz,WWZPlotPane,187,0,6,0,51,0,16,0,13,0
VStar,org.aavso.tools.vstar.ui.dialog.period.wwz,WeightedWaveletZTransformResultDialog,827,0,18,0,185,0,26,0,14,0
VStar,org.aavso.tools.vstar.ui.dialog.period.wwz,WWZDataTablePane,194,0,10,0,48,0,13,0,8,0
VStar,org.aavso.tools.vstar.ui.dialog.period.refinement,RefinementParameterDialog.new ActionListener() {...},10,0,0,0,3,0,2,0,2,0
VStar,org.aavso.tools.vstar.ui.dialog.period.refinement,PeriodGatheringPane.new ActionListener() {...},48,0,2,0,11,0,3,0,2,0
VStar,org.aavso.tools.vstar.ui.dialog.period.refinement,PeriodGatheringPane.new ActionListener() {...},16,0,0,0,3,0,2,0,2,0
VStar,org.aavso.tools.vstar.ui.dialog.period.refinement,PeriodGatheringPane,176,0,4,0,41,0,10,0,8,0
VStar,org.aavso.tools.vstar.ui.dialog.period.refinement,RefinementParameterDialog,160,0,2,0,42,0,8,0,7,0
VStar,org.aavso.tools.vstar.util.period.wwz,WWZCoordinateType,36,124,11,15,17,38,12,16,2,4
VStar,org.aavso.tools.vstar.util.period.wwz,WeightedWaveletZTransform.new Callable() {...},0,31,0,0,0,3,0,2,0,2
VStar,org.aavso.tools.vstar.util.period.wwz,WeightedWaveletZTransform,199,1782,41,131,49,321,46,74,12,22
VStar,org.aavso.tools.vstar.util.period.wwz,WWZStatistic,173,73,25,5,23,28,19,13,5,9
VStar,org.aavso.tools.vstar.util.coords,DecInfo,19,73,0,0,3,15,2,4,2,4
VStar,org.aavso.tools.vstar.util.coords,EpochType,0,15,0,0,0,2,0,1,0,1
VStar,org.aavso.tools.vstar.util.coords,RAInfo,19,66,0,0,3,13,2,4,2,4
VStar,org.aavso.tools.vstar.scripting,VStarScriptingAPI.new Listener() {...},13,0,0,0,4,0,3,0,3,0
VStar,org.aavso.tools.vstar.scripting,ScriptRunner,144,0,6,0,48,0,13,0,10,0
VStar,org.aavso.tools.vstar.scripting,VStarScriptingAPI,1139,0,91,0,299,0,103,0,56,0
VStar,org.aavso.tools.vstar.ui.pane.list,ListSearchPane,6,190,0,2,2,43,1,6,1,5
VStar,org.aavso.tools.vstar.ui.pane.list,ObservationListPane.3.new IFilterDescription() {...},64,0,4,0,14,0,6,0,4,0
VStar,org.aavso.tools.vstar.ui.pane.list,ObservationListPane.new ActionListener() {...},48,9,0,0,10,1,1,1,1,1
VStar,org.aavso.tools.vstar.ui.pane.list,ObservationListPane.new ActionListener() {...},4,6,0,0,2,1,1,1,1,1
VStar,org.aavso.tools.vstar.ui.pane.list,ObservationListPane.new ActionListener() {...},42,6,2,0,10,1,2,1,1,1
VStar,org.aavso.tools.vstar.ui.pane.list,ObservationListPane.new Listener() {...},102,9,10,0,31,1,7,1,2,1
VStar,org.aavso.tools.vstar.ui.pane.list,VisibleSeriesRowFilter,21,134,6,10,4,34,4,11,0,7
VStar,org.aavso.tools.vstar.ui.pane.list,VisibleSeriesRowFilter.new Listener() {...},13,6,2,0,4,1,3,1,2,1
VStar,org.aavso.tools.vstar.ui.pane.list,VisibleSeriesRowFilter.new Listener() {...},13,6,2,0,4,1,3,1,2,1
VStar,org.aavso.tools.vstar.ui.pane.list,VisibleSeriesRowFilter.new Listener() {...},22,6,2,0,5,1,3,1,2,1
VStar,org.aavso.tools.vstar.ui.pane.list,VisibleSeriesRowFilter.new Listener() {...},18,6,2,0,5,1,3,1,2,1
VStar,org.aavso.tools.vstar.ui.pane.list,VisibleSeriesRowFilter.new Listener() {...},22,6,4,0,6,1,4,1,2,1
VStar,org.aavso.tools.vstar.ui.pane.list,VeLaListSearchPane.VeLaRowFilter,95,0,8,0,22,0,6,0,2,0
VStar,org.aavso.tools.vstar.ui.pane.list,ObservationListPane,231,426,19,9,56,98,16,9,5,6
VStar,org.aavso.tools.vstar.ui.pane.list,SyntheticObservationListPane.new Listener() {...},99,9,10,0,24,1,7,1,2,1
VStar,org.aavso.tools.vstar.ui.pane.list,SyntheticObservationListPane,45,68,8,0,12,17,5,5,1,5
VStar,org.aavso.tools.vstar.ui.pane.list,ListSearchPane.new ActionListener() {...},8,6,0,0,2,1,1,1,1,1
VStar,org.aavso.tools.vstar.ui.pane.list,ListSearchPane.new ActionListener() {...},39,6,2,0,8,1,2,1,1,1
VStar,org.aavso.tools.vstar.ui.pane.list,ListSearchPane.new ActionListener() {...},30,6,2,0,7,1,2,1,1,1
VStar,org.aavso.tools.vstar.ui.pane.list,ListSearchPane.new ActionListener() {...},9,6,0,0,3,1,1,1,1,1
VStar,org.aavso.tools.vstar.ui.pane.list,ObservationTableRowFilter,27,0,0,0,7,0,2,0,2,0
VStar,org.aavso.tools.vstar.ui.pane.list,VeLaListSearchPane.new ActionListener() {...},9,6,0,0,3,1,1,1,1,1
VStar,org.aavso.tools.vstar.ui.pane.list,VeLaListSearchPane.new ActionListener() {...},14,9,0,0,2,1,1,1,1,1
VStar,org.aavso.tools.vstar.ui.pane.list,VeLaListSearchPane,61,144,0,0,19,31,9,1,9,1
VStar,org.aavso.tools.vstar.util.notification,ListChangeType,0,39,0,0,0,2,0,1,0,1
VStar,org.aavso.tools.vstar.util.notification,ListChangeMessage,0,51,0,0,0,17,0,9,0,9
VStar,org.aavso.tools.vstar.util.notification,Notifier,0,89,0,10,0,25,0,11,0,6
VStar,org.aavso.tools.vstar.util.notification,NotifyingList,3,0,0,0,1,0,1,0,1,0
VStar,org.aavso.tools.vstar.util.notification,NotifyingArrayList,269,0,26,0,60,0,40,0,27,0
VStar,org.aavso.tools.vstar.util.stats,Bin,0,15,0,0,0,6,0,3,0,3
VStar,org.aavso.tools.vstar.util.stats,BinningResult,65,72,6,0,15,22,6,7,3,7
VStar,org.aavso.tools.vstar.util.stats,DescStats,78,615,25,53,5,140,25,28,2,12
VStar,org.aavso.tools.vstar.util.stats,PhaseCalcs,3,67,0,2,1,14,1,4,1,3
VStar,org.aavso.tools.vstar.util.locale,LocaleProps,35,30,0,2,20,13,5,3,5,2
VStar,org.aavso.tools.vstar.util.locale,NumberParser,11,49,2,3,3,16,3,4,1,3
VStar,org.aavso.tools.vstar.util.help,Help,79,0,6,0,31,0,14,0,11,0
VStar,org.aavso.tools.vstar.util.help,Help.new Runnable() {...},52,0,4,0,16,0,4,0,2,0
VStar,org.aavso.tools.vstar.util.prefs,NumericPrecisionPrefs.Type,17,21,4,0,8,2,4,1,1,1
VStar,org.aavso.tools.vstar.util.prefs,ChartPropertiesPrefs,240,0,14,0,86,0,28,0,21,0
VStar,org.aavso.tools.vstar.util.prefs,NumericPrecisionPrefs,154,209,10,10,52,59,30,20,22,15
VStar,org.aavso.tools.vstar.util,AbstractExtremaFinder,361,0,36,0,76,0,30,0,12,0
VStar,org.aavso.tools.vstar.util,Pair,12,80,6,16,4,23,6,8,0,3
VStar,org.aavso.tools.vstar.util,EmailUtils,59,0,2,0,16,0,4,0,3,0
VStar,org.aavso.tools.vstar.util,TSBase,409,1735,62,114,71,258,47,50,0,9
VStar,org.aavso.tools.vstar.util,ObservationInserter,14,20,0,0,6,5,4,3,4,3
VStar,org.aavso.tools.vstar.util,ClipboardUtils,16,0,0,0,5,0,2,0,2,0
VStar,org.aavso.tools.vstar.util,ApacheCommonsDerivativeBasedExtremaFinder,172,0,16,0,42,0,12,0,4,0
VStar,org.aavso.tools.vstar.util,Logic,3,8,0,4,1,1,1,3,1,1
VStar,org.aavso.tools.vstar.util,Triple,26,98,14,16,9,25,12,6,0,3
VStar,org.aavso.tools.vstar.util,ApacheCommonsBrentOptimiserExtremaFinder,89,0,4,0,20,0,4,0,2,0
VStar,org.aavso.tools.vstar.util,Tolerance,3,37,1,9,1,6,2,5,1,1
VStar,org.aavso.tools.vstar.data.filter,SeriesTypeFieldMatcher.Kind,0,25,0,0,0,3,0,2,0,2
VStar,org.aavso.tools.vstar.data.filter,PhaseFieldMatcher,49,6,6,0,17,3,9,2,6,2
VStar,org.aavso.tools.vstar.data.filter,ErrorFieldMatcher,33,5,0,0,12,3,5,2,5,2
VStar,org.aavso.tools.vstar.data.filter,ObjectNameFieldMatcher,19,5,0,0,6,3,5,2,5,2
VStar,org.aavso.tools.vstar.data.filter,ObservationMatcherOp,117,45,30,0,48,2,24,1,3,1
VStar,org.aavso.tools.vstar.data.filter,TransformedFieldMatcher,48,5,4,0,14,3,7,2,5,2
VStar,org.aavso.tools.vstar.data.filter,MagnitudeFieldMatcher,22,14,0,0,8,6,3,4,3,4
VStar,org.aavso.tools.vstar.data.filter,DoubleFieldMatcher,13,93,8,11,3,20,8,10,1,5
VStar,org.aavso.tools.vstar.data.filter,ObservationFilter,1,195,2,8,1,45,2,10,0,7
VStar,org.aavso.tools.vstar.data.filter,JDFieldMatcher,7,29,0,0,3,11,2,5,2,5
VStar,org.aavso.tools.vstar.data.filter,StringFieldMatcher,32,53,9,3,8,12,9,4,2,4
VStar,org.aavso.tools.vstar.data.filter,AbstractObservationFieldMatcher,53,49,6,6,11,15,8,4,4,2
VStar,org.aavso.tools.vstar.data.filter,BooleanFieldMatcher,40,16,7,0,10,3,7,2,3,2
VStar,org.aavso.tools.vstar.data.filter,ObsCodeFieldMatcher,12,29,0,0,3,7,3,5,3,5
VStar,org.aavso.tools.vstar.data.filter,SeriesTypeFieldMatcher,100,23,19,0,27,5,17,3,7,3
VStar,org.aavso.tools.vstar.util.comparator,DoubleAsStringComparator,0,9,0,0,0,3,0,2,0,2
VStar,org.aavso.tools.vstar.util.comparator,DoubleComparator,0,9,0,0,0,2,0,2,0,2
VStar,org.aavso.tools.vstar.util.comparator,PreviousCyclePhaseComparator,0,16,0,0,0,3,0,3,0,3
VStar,org.aavso.tools.vstar.util.comparator,StandardPhaseComparator,0,16,0,0,0,3,0,3,0,3
VStar,org.aavso.tools.vstar.util.comparator,JDComparator,0,14,0,0,0,3,0,3,0,3
VStar,org.aavso.tools.vstar.util.comparator,RankedIndexPairComparator,0,17,0,0,0,3,0,3,0,3
VStar,org.aavso.tools.vstar.util.comparator,FormattedDoubleComparator,0,13,0,0,0,4,0,3,0,3
VStar,org.aavso.tools.vstar.ui.model.plot,PhaseTimeElementEntity,21,49,2,4,6,13,6,5,4,4
VStar,org.aavso.tools.vstar.ui.model.plot,ObservationPlotModel.new Listener() {...},43,6,2,0,10,1,3,1,2,1
VStar,org.aavso.tools.vstar.ui.model.plot,InViewObservationFilter,171,0,16,0,42,0,11,0,3,0
VStar,org.aavso.tools.vstar.ui.model.plot,JDCoordSource,8,37,0,0,2,7,2,6,2,6
VStar,org.aavso.tools.vstar.ui.model.plot,PhasedObservationAndMeanPlotModel,30,0,0,0,8,0,3,0,3,0
VStar,org.aavso.tools.vstar.ui.model.plot,WWZ3DPlotModel,38,0,0,0,8,0,5,0,5,0
VStar,org.aavso.tools.vstar.ui.model.plot,InViewObservationFilter.new IFilterDescription() {...},76,0,0,0,12,0,4,0,4,0
VStar,org.aavso.tools.vstar.ui.model.plot,WWZ2DPlotModel,73,0,0,0,15,0,11,0,11,0
VStar,org.aavso.tools.vstar.ui.model.plot,ContinuousModelFunction,48,0,0,0,17,0,9,0,9,0
VStar,org.aavso.tools.vstar.ui.model.plot,ContinuousModelPlotModel,89,0,4,0,20,0,8,0,6,0
VStar,org.aavso.tools.vstar.ui.model.plot,PreviousCyclePhaseCoordSource,52,0,0,0,12,0,8,0,8,0
VStar,org.aavso.tools.vstar.ui.model.plot,ObservationAndMeanPlotModel,340,254,51,19,82,67,49,14,17,11
VStar,org.aavso.tools.vstar.ui.model.plot,ObservationPlotModel,455,344,48,20,101,74,51,22,21,18
VStar,org.aavso.tools.vstar.ui.model.plot,ObservationAndMeanPlotModel.new Listener() {...},33,9,4,0,8,1,4,1,2,1
VStar,org.aavso.tools.vstar.ui.model.plot,ObservationAndMeanPlotModel.new Listener() {...},39,9,4,0,7,1,4,1,2,1
VStar,org.aavso.tools.vstar.ui.model.plot,ObservationAndMeanPlotModel.new Listener() {...},95,9,10,0,20,1,7,1,2,1
VStar,org.aavso.tools.vstar.ui.model.plot,PeriodAnalysis2DPlotModel,70,92,8,2,13,24,10,11,5,11
VStar,org.aavso.tools.vstar.ui.model.plot,ObservationAndMeanPlotModel.new Listener() {...},54,9,4,0,12,1,4,1,2,1
VStar,org.aavso.tools.vstar.ui.model.plot,PhasedObservationAndMeanPlotModel.new Listener() {...},68,0,4,0,13,0,5,0,3,0
VStar,org.aavso.tools.vstar.ui.model.plot,PhasedObservationAndMeanPlotModel.new Listener() {...},47,0,4,0,10,0,5,0,3,0
VStar,org.aavso.tools.vstar.ui.model.plot,StandardPhaseCoordSource,52,0,0,0,12,0,8,0,8,0
VStar,org.aavso.tools.vstar.ui.model.plot,JDTimeElementEntity,24,23,2,0,5,6,4,5,3,5
VStar,org.aavso.tools.vstar.ui.model.plot,PhaseCoordSource,96,0,8,0,19,0,12,0,8,0
VStar,org.aavso.tools.vstar.plugin.period,PeriodAnalysisComponentFactory,223,0,4,0,41,0,9,0,7,0
VStar,org.aavso.tools.vstar.plugin.period,PeriodAnalysisPluginBase,37,6,0,0,13,2,11,1,11,1
VStar,org.aavso.tools.vstar.plugin.period,PeriodAnalysisPluginBase.new Listener() {...},13,0,0,0,4,0,3,0,3,0
VStar,org.aavso.tools.vstar.plugin.period,PeriodAnalysisDialogBase,283,0,20,0,68,0,25,0,15,0
VStar,org.aavso.tools.vstar.plugin.period,PeriodAnalysisDialogBase.new ActionListener() {...},10,0,0,0,3,0,2,0,2,0
VStar,org.aavso.tools.vstar.plugin.period,PeriodAnalysisDialogBase.new ActionListener() {...},10,0,0,0,3,0,2,0,2,0
VStar,org.aavso.tools.vstar.plugin.period,PeriodAnalysisDialogBase.new ActionListener() {...},17,0,0,0,5,0,2,0,2,0
VStar,org.aavso.tools.vstar.plugin.period,PeriodAnalysisDialogBase.new WindowAdapter() {...},17,0,0,0,5,0,2,0,2,0
VStar,org.aavso.tools.vstar.plugin.period.impl,DcDftFrequencyRangePeriodAnalysisPlugin,176,0,6,0,41,0,10,0,7,0
VStar,org.aavso.tools.vstar.plugin.period.impl,DcDftPeriodRangePeriodAnalysisPlugin,155,0,4,0,37,0,9,0,7,0
VStar,org.aavso.tools.vstar.plugin.period.impl,WeightedWaveletZTransformWithPeriodRangePlugin,207,0,6,0,47,0,10,0,7,0
VStar,org.aavso.tools.vstar.plugin.period.impl,DcDftStandardScanPeriodAnalysisPlugin,30,0,2,0,10,0,7,0,6,0
VStar,org.aavso.tools.vstar.plugin.period.impl,WeightedWaveletZTransformWithFrequencyRangePlugin,207,0,6,0,47,0,10,0,7,0
VStar,org.aavso.tools.vstar.plugin.period.impl,DcDftPeriodAnalysisPluginBase,74,0,2,0,20,0,8,0,7,0
VStar,org.aavso.tools.vstar.plugin.period.impl,WeightedWaveletZTransformPluginBase,125,0,8,0,28,0,9,0,5,0
VStar,org.aavso.tools.vstar.plugin.model.impl,ApacheCommonsPolynomialFitCreatorPlugin.PolynomialFitModel,412,0,28,0,84,0,29,0,15,0
VStar,org.aavso.tools.vstar.plugin.model.impl,ApacheCommonsPolynomialFitCreatorPlugin,220,0,8,0,53,0,17,0,13,0
VStar,org.aavso.tools.vstar.plugin.model.impl,ApacheCommonsPolynomialFitCreatorPlugin.PolynomialFitModel.new UnivariateRealFunction() {...},37,0,2,0,6,0,3,0,2,0
VStar,org.aavso.tools.vstar.data,MTypeType,20,32,4,0,9,7,5,2,2,2
VStar,org.aavso.tools.vstar.data,Observation,3,13,0,0,2,6,1,3,1,3
VStar,org.aavso.tools.vstar.data,MagnitudeModifier,0,21,0,0,0,4,0,1,0,1
VStar,org.aavso.tools.vstar.data,CommentType,73,417,25,75,48,111,25,53,0,5
VStar,org.aavso.tools.vstar.data,Property,20,276,11,34,8,83,11,32,0,16
VStar,org.aavso.tools.vstar.data,ObsType,7,171,3,19,4,57,3,21,0,6
VStar,org.aavso.tools.vstar.data,ValidationType,70,79,21,11,28,19,18,6,2,2
VStar,org.aavso.tools.vstar.data,ValidObservation.JDflavour,0,39,0,0,0,5,0,2,0,2
VStar,org.aavso.tools.vstar.data,Magnitude,86,178,17,17,27,41,17,18,5,13
VStar,org.aavso.tools.vstar.data,Property.propType,0,33,0,0,0,2,0,1,0,1
VStar,org.aavso.tools.vstar.data,InvalidObservation,31,32,2,0,8,12,3,4,2,4
VStar,org.aavso.tools.vstar.data,CommentCodes,45,128,14,18,13,34,12,10,1,5
VStar,org.aavso.tools.vstar.data,DateInfo,7,92,2,6,4,26,3,9,1,7
VStar,org.aavso.tools.vstar.data,SeriesType,371,959,60,26,121,144,58,22,21,16
VStar,org.aavso.tools.vstar.data,ValidObservation,1505,846,235,45,332,201,166,75,38,63
VStar,org.aavso.tools.vstar.auth,Auth0JSONAutheticationSource,88,143,3,3,23,34,3,5,1,4
VStar,org.aavso.tools.vstar.auth,AAVSOPostUserPassXMLAuthenticationSource,104,105,5,1,30,27,6,3,3,3
VStar,org.aavso.tools.vstar.auth,VSXWebServiceMemberInfo,0,57,1,3,0,15,1,3,0,2
VStar,org.aavso.tools.vstar.ui.dialog.model,HarmonicInputDialog,190,0,10,0,50,0,13,0,8,0
VStar,org.aavso.tools.vstar.ui.dialog.model,ModelInfoDialog.new ActionListener() {...},14,0,0,0,4,0,2,0,2,0
VStar,org.aavso.tools.vstar.ui.dialog.model,ModelInfoDialog.new ActionListener() {...},14,0,0,0,3,0,2,0,2,0
VStar,org.aavso.tools.vstar.ui.dialog.model,ModelDialog,275,0,8,0,64,0,14,0,10,0
VStar,org.aavso.tools.vstar.ui.dialog.model,ModelInfoDialog,380,0,14,0,77,0,12,0,5,0
VStar,org.aavso.tools.vstar.ui.dialog.model,HarmonicInfoDialog.new ActionListener() {...},10,0,0,0,3,0,2,0,2,0
VStar,org.aavso.tools.vstar.ui.dialog.model,HarmonicInfoDialog.new ActionListener() {...},38,0,2,0,7,0,3,0,2,0
VStar,org.aavso.tools.vstar.ui.dialog.model,HarmonicInfoDialog.new WindowAdapter() {...},10,0,0,0,3,0,2,0,2,0
VStar,org.aavso.tools.vstar.ui.dialog.model,HarmonicPeriodPane,186,0,12,0,40,0,12,0,6,0
VStar,org.aavso.tools.vstar.ui.dialog.model,ModelDialog.new Listener() {...},37,0,2,0,9,0,4,0,3,0
VStar,org.aavso.tools.vstar.ui.dialog.model,ModelDialog.new Listener() {...},30,0,0,0,8,0,3,0,3,0
VStar,org.aavso.tools.vstar.ui.dialog.model,ModelDialog.new ActionListener() {...},36,0,0,0,6,0,2,0,2,0
VStar,org.aavso.tools.vstar.ui.dialog.model,ModelDialog.new ActionListener() {...},28,0,0,0,7,0,2,0,2,0
VStar,org.aavso.tools.vstar.ui.dialog.model,ModelDialog.new ActionListener() {...},36,0,0,0,8,0,2,0,2,0
VStar,org.aavso.tools.vstar.ui.dialog.model,HarmonicInfoDialog,521,0,42,0,117,0,30,0,9,0
VStar,org.aavso.tools.vstar.util.period.dcdft,PeriodAnalysisDataPoint,111,122,20,4,26,20,16,9,5,8
VStar,org.aavso.tools.vstar.util.period.dcdft,DcDftAnalysisType,0,21,0,0,0,2,0,1,0,1
VStar,org.aavso.tools.vstar.util.period.dcdft,PeriodAnalysisDataPointComparator,13,0,2,0,2,0,3,0,2,0
VStar,org.aavso.tools.vstar.util.period.dcdft,TSDcDft.ResolutionResult,0,12,0,0,0,5,0,1,0,1
VStar,org.aavso.tools.vstar.util.period.dcdft,TSDcDft,246,1452,39,101,68,289,43,63,12,23
VStar,org.aavso.tools.vstar.exception,ObservationValidationWarning,0,16,0,0,0,7,0,3,0,3
VStar,org.aavso.tools.vstar.exception,UnknownAUIDError,3,5,0,0,2,2,1,1,1,1
VStar,org.aavso.tools.vstar.exception,ObservationValidationError,3,4,0,0,2,2,1,1,1,1
VStar,org.aavso.tools.vstar.exception,AuthenticationError,3,4,0,0,2,2,1,1,1,1
VStar,org.aavso.tools.vstar.exception,UnknownStarError,3,5,0,0,2,2,1,1,1,1
VStar,org.aavso.tools.vstar.exception,CancellationException,3,4,0,0,2,2,1,1,1,1
VStar,org.aavso.tools.vstar.exception,ConnectionException,3,4,0,0,2,2,1,1,1,1
VStar,org.aavso.tools.vstar.exception,AlgorithmError,3,4,0,0,2,2,1,1,1,1
VStar,org.aavso.tools.vstar.exception,ObservationReadError,3,4,0,0,2,2,1,1,1,1
VStar,org.aavso.tools.vstar.ui.dialog.plugin.manager,PluginManagementDialog.3.1.new Runnable() {...},12,0,0,0,3,0,2,0,2,0
VStar,org.aavso.tools.vstar.ui.dialog.plugin.manager,PluginManagementDialog.new ActionListener() {...},11,0,0,0,4,0,2,0,2,0
VStar,org.aavso.tools.vstar.ui.dialog.plugin.manager,PluginManagerException,16,0,0,0,8,0,4,0,4,0
VStar,org.aavso.tools.vstar.ui.dialog.plugin.manager,PluginManagementDialog.4.1.new Runnable() {...},12,0,0,0,3,0,2,0,2,0
VStar,org.aavso.tools.vstar.ui.dialog.plugin.manager,PluginManager,1043,473,113,30,248,102,89,16,24,9
VStar,org.aavso.tools.vstar.ui.dialog.plugin.manager,PluginManagementDialog.5.new PluginManagementOperation() {...},35,0,2,0,6,0,3,0,2,0
VStar,org.aavso.tools.vstar.ui.dialog.plugin.manager,PluginManagementDialog.4.new PluginManagementOperation() {...},36,0,2,0,6,0,3,0,2,0
VStar,org.aavso.tools.vstar.ui.dialog.plugin.manager,PluginManager.Operation,15,0,0,0,2,0,1,0,1,0
VStar,org.aavso.tools.vstar.ui.dialog.plugin.manager,PluginManagementDialog.5.1.new Runnable() {...},47,0,4,0,7,0,4,0,2,0
VStar,org.aavso.tools.vstar.ui.dialog.plugin.manager,PluginManagementDialog.3.new PluginManagementOperation() {...},36,0,2,0,6,0,3,0,2,0
VStar,org.aavso.tools.vstar.ui.dialog.plugin.manager,PluginManagementOperation,19,0,0,0,8,0,4,0,4,0
VStar,org.aavso.tools.vstar.ui.dialog.plugin.manager,PluginManager.new FilenameFilter() {...},4,6,0,0,1,1,1,1,1,1
VStar,org.aavso.tools.vstar.ui.dialog.plugin.manager,PluginManager.new Runnable() {...},19,0,0,0,4,0,2,0,2,0
VStar,org.aavso.tools.vstar.ui.dialog.plugin.manager,PluginManager.new Runnable() {...},16,0,0,0,4,0,2,0,2,0
VStar,org.aavso.tools.vstar.ui.dialog.plugin.manager,PluginManager.new Runnable() {...},19,0,0,0,4,0,2,0,2,0
VStar,org.aavso.tools.vstar.ui.dialog.plugin.manager,PluginManager.new Runnable() {...},15,0,0,0,3,0,2,0,2,0
VStar,org.aavso.tools.vstar.ui.dialog.plugin.manager,PluginManager.new Runnable() {...},14,0,0,0,3,0,2,0,2,0
VStar,org.aavso.tools.vstar.ui.dialog.plugin.manager,PluginManager.new Runnable() {...},10,0,0,0,3,0,2,0,2,0
VStar,org.aavso.tools.vstar.ui.dialog.plugin.manager,PluginManager.new Runnable() {...},15,0,0,0,3,0,2,0,2,0
VStar,org.aavso.tools.vstar.ui.dialog.plugin.manager,PluginManager.new Runnable() {...},14,0,0,0,3,0,2,0,2,0
VStar,org.aavso.tools.vstar.ui.dialog.plugin.manager,PluginManagementDialog,640,0,30,0,156,0,39,0,24,0
VStar,org.aavso.tools.vstar.ui.dialog.plugin.manager,PluginManagementDialog.pluginManagerCellRenderer,50,0,4,0,9,0,4,0,2,0
VStar,org.aavso.tools.vstar.ui.dialog.plugin.manager,PluginManagementDialog.new ActionListener() {...},67,0,6,0,14,0,5,0,2,0
VStar,org.aavso.tools.vstar.ui.dialog.plugin.manager,PluginManagementDialog.new ActionListener() {...},67,0,6,0,14,0,5,0,2,0
VStar,org.aavso.tools.vstar.ui.dialog.plugin.manager,PluginManagementDialog.new ActionListener() {...},34,0,2,0,8,0,3,0,2,0
VStar,org.aavso.tools.vstar.ui.dialog.plugin.manager,PluginManagementDialog.new ActionListener() {...},67,0,6,0,14,0,5,0,2,0
VStar,org.aavso.tools.vstar.ui.dialog.plugin.manager,PluginManagementDialog.new ActionListener() {...},16,0,0,0,5,0,2,0,2,0
VStar,org.aavso.tools.vstar.ui.dialog.plugin.manager,PluginManagementDialog.new WindowAdapter() {...},9,0,0,0,3,0,2,0,2,0
VStar,org.aavso.tools.vstar.plugin.ob.sink.impl,SimpleFormatObservationSinkPlugin,154,6,14,0,40,2,11,2,4,2
VStar,org.aavso.tools.vstar.plugin.ob.sink.impl,DownloadFormatObservationSinkPlugin,45,6,8,0,11,2,7,2,3,2
VStar,org.aavso.tools.vstar.plugin.ob.sink.impl,CommonTextFormatSinkPluginBase,4,44,0,0,2,11,2,3,2,3
VStar,org.aavso.tools.vstar.util.property,ApplicationProperties,234,0,26,0,58,0,19,0,6,0
VStar,org.aavso.tools.vstar.util.date,AbstractDateUtil,48,10,13,0,28,3,13,3,1,3
VStar,org.aavso.tools.vstar.util.date,J2000HJDConverter,0,575,0,8,0,87,0,19,0,15
VStar,org.aavso.tools.vstar.util.date,SolarCoords,0,45,0,0,0,16,0,8,0,8
VStar,org.aavso.tools.vstar.util.date,B1950HJDConverter,0,247,0,0,0,31,0,2,0,2
VStar,org.aavso.tools.vstar.util.date,YMD,0,21,0,0,0,8,0,4,0,4
VStar,org.aavso.tools.vstar.util.date,AbstractHJDConverter,0,27,1,2,0,10,1,4,0,3
VStar,org.aavso.tools.vstar.util.date,MeeusDateUtil,25,245,10,26,4,48,7,16,0,5
VStar,org.aavso.tools.vstar.plugin.filter.impl,VeLaObservationFilterDialog.new ActionListener() {...},27,0,0,0,6,0,2,0,2,0
VStar,org.aavso.tools.vstar.plugin.filter.impl,VeLaObservationFilterDialog.new ActionListener() {...},24,0,0,0,5,0,2,0,2,0
VStar,org.aavso.tools.vstar.plugin.filter.impl,VeLaObservationFilterDialog,343,0,4,0,78,0,17,0,15,0
VStar,org.aavso.tools.vstar.plugin.filter.impl,VeLaFilterPlugin,146,0,16,0,42,0,13,0,5,0
VStar,org.aavso.tools.vstar.ui.dialog.prefs,StarGroupManagementPane.new ActionListener() {...},11,0,0,0,3,0,2,0,2,0
VStar,org.aavso.tools.vstar.ui.dialog.prefs,StarGroupManagementPane.new ActionListener() {...},10,0,0,0,3,0,2,0,2,0
VStar,org.aavso.tools.vstar.ui.dialog.prefs,StarGroupManagementPane.new ActionListener() {...},37,0,2,0,7,0,3,0,2,0
VStar,org.aavso.tools.vstar.ui.dialog.prefs,StarGroupManagementPane.new ActionListener() {...},69,0,4,0,11,0,4,0,2,0
VStar,org.aavso.tools.vstar.ui.dialog.prefs,StarGroupManagementPane.new ActionListener() {...},43,0,2,0,9,0,3,0,2,0
VStar,org.aavso.tools.vstar.ui.dialog.prefs,StarGroupManagementPane.new ActionListener() {...},70,0,6,0,11,0,5,0,2,0
VStar,org.aavso.tools.vstar.ui.dialog.prefs,StarGroupManagementPane.new ActionListener() {...},39,0,2,0,7,0,3,0,2,0
VStar,org.aavso.tools.vstar.ui.dialog.prefs,VeLaSettingsPane.new ActionListener() {...},18,0,0,0,4,0,2,0,2,0
VStar,org.aavso.tools.vstar.ui.dialog.prefs,VeLaSettingsPane.new ActionListener() {...},10,0,0,0,3,0,2,0,2,0
VStar,org.aavso.tools.vstar.ui.dialog.prefs,VeLaSettingsPane,256,0,4,0,56,0,10,0,8,0
VStar,org.aavso.tools.vstar.ui.dialog.prefs,SeriesColorSelectionPane,254,0,6,0,58,0,12,0,9,0
VStar,org.aavso.tools.vstar.ui.dialog.prefs,ChartPropertiesSelectionPane.ColorRectComponent,76,0,4,0,24,0,8,0,6,0
VStar,org.aavso.tools.vstar.ui.dialog.prefs,ChartPropertiesSelectionPane.new ActionListener() {...},23,0,2,0,6,0,3,0,2,0
VStar,org.aavso.tools.vstar.ui.dialog.prefs,ChartPropertiesSelectionPane.new ChangeListener() {...},17,0,0,0,4,0,2,0,2,0
VStar,org.aavso.tools.vstar.ui.dialog.prefs,NewGroupDialog,102,0,2,0,28,0,7,0,6,0
VStar,org.aavso.tools.vstar.ui.dialog.prefs,SeriesSizeSelectionPane.DotComponent,70,0,0,0,15,0,3,0,3,0
VStar,org.aavso.tools.vstar.ui.dialog.prefs,ChartPropertiesSelectionPane.new ActionListener() {...},10,0,0,0,3,0,2,0,2,0
VStar,org.aavso.tools.vstar.ui.dialog.prefs,ChartPropertiesSelectionPane.new ActionListener() {...},14,0,0,0,5,0,2,0,2,0
VStar,org.aavso.tools.vstar.ui.dialog.prefs,ChartPropertiesSelectionPane.new ActionListener() {...},31,0,4,0,8,0,4,0,2,0
VStar,org.aavso.tools.vstar.ui.dialog.prefs,ChartPropertiesSelectionPane.new ActionListener() {...},31,0,4,0,8,0,4,0,2,0
VStar,org.aavso.tools.vstar.ui.dialog.prefs,ChartPropertiesSelectionPane.new ActionListener() {...},31,0,4,0,8,0,4,0,2,0
VStar,org.aavso.tools.vstar.ui.dialog.prefs,ChartPropertiesSelectionPane.new ActionListener() {...},31,0,4,0,8,0,4,0,2,0
VStar,org.aavso.tools.vstar.ui.dialog.prefs,ChartPropertiesSelectionPane.new ActionListener() {...},23,0,2,0,6,0,3,0,2,0
VStar,org.aavso.tools.vstar.ui.dialog.prefs,NumericPrecisionSelectionPane,282,0,8,0,78,0,12,0,8,0
VStar,org.aavso.tools.vstar.ui.dialog.prefs,StarGroupManagementPane,365,0,2,0,85,0,19,0,18,0
VStar,org.aavso.tools.vstar.ui.dialog.prefs,NewStarDialog,102,0,2,0,28,0,7,0,6,0
VStar,org.aavso.tools.vstar.ui.dialog.prefs,SeriesSizeSelectionPane,353,0,6,0,70,0,12,0,9,0
VStar,org.aavso.tools.vstar.ui.dialog.prefs,LocaleSelectionPane,177,0,4,0,36,0,9,0,7,0
VStar,org.aavso.tools.vstar.ui.dialog.prefs,NumericPrecisionSelectionPane.new ActionListener() {...},10,0,0,0,3,0,2,0,2,0
VStar,org.aavso.tools.vstar.ui.dialog.prefs,NumericPrecisionSelectionPane.new ActionListener() {...},14,0,0,0,5,0,2,0,2,0
VStar,org.aavso.tools.vstar.ui.dialog.prefs,NumericPrecisionSelectionPane.new ChangeListener() {...},15,0,0,0,4,0,2,0,2,0
VStar,org.aavso.tools.vstar.ui.dialog.prefs,NumericPrecisionSelectionPane.new ChangeListener() {...},15,0,0,0,4,0,2,0,2,0
VStar,org.aavso.tools.vstar.ui.dialog.prefs,NumericPrecisionSelectionPane.new ChangeListener() {...},15,0,0,0,4,0,2,0,2,0
VStar,org.aavso.tools.vstar.ui.dialog.prefs,ChartPropertiesSelectionPane.FontDialog,85,0,2,0,25,0,5,0,4,0
VStar,org.aavso.tools.vstar.ui.dialog.prefs,PluginSettingsPane,265,0,0,0,71,0,9,0,9,0
VStar,org.aavso.tools.vstar.ui.dialog.prefs,SeriesColorSelectionPane.new ActionListener() {...},30,0,2,0,7,0,3,0,2,0
VStar,org.aavso.tools.vstar.ui.dialog.prefs,SeriesColorSelectionPane.new ActionListener() {...},10,0,0,0,3,0,2,0,2,0
VStar,org.aavso.tools.vstar.ui.dialog.prefs,SeriesColorSelectionPane.new ActionListener() {...},18,0,0,0,5,0,2,0,2,0
VStar,org.aavso.tools.vstar.ui.dialog.prefs,SeriesColorSelectionPane.new ChangeListener() {...},21,0,0,0,4,0,2,0,2,0
VStar,org.aavso.tools.vstar.ui.dialog.prefs,LocaleSelectionPane.new ActionListener() {...},10,0,0,0,3,0,2,0,2,0
VStar,org.aavso.tools.vstar.ui.dialog.prefs,LocaleSelectionPane.new ActionListener() {...},11,0,0,0,4,0,2,0,2,0
VStar,org.aavso.tools.vstar.ui.dialog.prefs,LocaleSelectionPane.new ActionListener() {...},15,0,0,0,3,0,2,0,2,0
VStar,org.aavso.tools.vstar.ui.dialog.prefs,SeriesSizeSelectionPane.new ActionListener() {...},43,0,2,0,10,0,3,0,2,0
VStar,org.aavso.tools.vstar.ui.dialog.prefs,SeriesSizeSelectionPane.new ActionListener() {...},19,0,0,0,5,0,2,0,2,0
VStar,org.aavso.tools.vstar.ui.dialog.prefs,SeriesSizeSelectionPane.new ActionListener() {...},32,0,0,0,6,0,2,0,2,0
VStar,org.aavso.tools.vstar.ui.dialog.prefs,SeriesSizeSelectionPane.new ActionListener() {...},10,0,0,0,3,0,2,0,2,0
VStar,org.aavso.tools.vstar.ui.dialog.prefs,PreferencesDialog,192,0,0,0,51,0,7,0,7,0
VStar,org.aavso.tools.vstar.ui.dialog.prefs,NewGroupWithStarsDialog,177,0,8,0,45,0,12,0,8,0
VStar,org.aavso.tools.vstar.ui.dialog.prefs,ChartPropertiesSelectionPane,588,0,24,0,140,0,28,0,16,0
VStar,org.aavso.tools.vstar.ui.dialog.prefs,ChartPropertiesSelectionPane.ChartFontLabel,28,0,0,0,12,0,5,0,5,0
VStar,org.aavso.tools.vstar.ui.dialog.prefs,PluginSettingsPane.new ActionListener() {...},10,0,0,0,3,0,2,0,2,0
VStar,org.aavso.tools.vstar.ui.dialog.prefs,PluginSettingsPane.new ActionListener() {...},19,0,0,0,5,0,2,0,2,0
VStar,org.aavso.tools.vstar.ui.dialog.prefs,PluginSettingsPane.new ActionListener() {...},54,0,6,0,17,0,5,0,2,0
VStar,org.aavso.tools.vstar.ui.dialog.prefs,PluginSettingsPane.new ActionListener() {...},26,0,4,0,10,0,4,0,2,0
VStar,org.aavso.tools.vstar.ui.resources,LoginType,29,0,3,0,8,0,4,0,2,0
VStar,org.aavso.tools.vstar.ui.resources,RevisionAccessor,3,9,0,0,1,4,1,3,1,3
VStar,org.aavso.tools.vstar.ui.resources,PluginLoader,482,33,47,1,118,7,35,2,11,2
VStar,org.aavso.tools.vstar.ui.resources,PropertiesAccessor,102,0,6,0,33,0,6,0,3,0
VStar,org.aavso.tools.vstar.ui.resources,ResourceAccessor,87,16,14,0,27,6,12,6,5,6
VStar,org.aavso.tools.vstar.ui.resources,PluginLoader.new FilenameFilter() {...},7,0,0,0,2,0,2,0,2,0
VStar,org.aavso.tools.vstar.ui.resources,Star,18,0,0,0,8,0,6,0,6,0
VStar,org.aavso.tools.vstar.ui.resources,LoginInfo,21,32,0,0,9,13,6,5,6,5
VStar,org.aavso.tools.vstar.ui.resources,StarGroups,341,0,26,0,82,0,32,0,19,0
VStar,org.aavso.tools.vstar.ui.task,NewStarFromObSourcePluginTask,657,0,64,0,165,0,40,0,7,0
VStar,org.aavso.tools.vstar.ui.task,UndoableActionTask,89,0,9,0,27,0,8,0,3,0
VStar,org.aavso.tools.vstar.ui.task,ModellingTask,132,0,10,0,32,0,9,0,4,0
VStar,org.aavso.tools.vstar.ui.task,NewStarFromObSourcePluginWithSuppliedFileTask,154,0,8,0,51,0,8,0,4,0
VStar,org.aavso.tools.vstar.ui.task,PluginManagerOperationTask.new Listener() {...},13,0,0,0,4,0,3,0,3,0
VStar,org.aavso.tools.vstar.ui.task,ModellingTask.new Listener() {...},13,0,0,0,4,0,3,0,3,0
VStar,org.aavso.tools.vstar.ui.task,PeriodAnalysisTask,103,0,8,0,32,0,8,0,4,0
VStar,org.aavso.tools.vstar.ui.task,PluginManagerOperationTask,76,0,2,0,21,0,5,0,4,0
VStar,org.aavso.tools.vstar.ui.task,PeriodAnalysisTask.new Listener() {...},13,0,0,0,4,0,3,0,3,0
VStar,org.aavso.tools.vstar.ui.task,ObsListFileSaveTask,74,0,2,0,21,0,4,0,3,0
VStar,org.aavso.tools.vstar.ui.task,PhasePlotTask,45,0,0,0,14,0,3,0,3,0
VStar,org.aavso.tools.vstar.ui.task,NewStarFromObSourcePluginWithSuppliedURLTask,155,0,10,0,52,0,9,0,4,0
VStar,org.aavso.tools.vstar.ui.task,NewStarFromFileTask,106,0,6,0,30,0,7,0,4,0
VStar,org.aavso.tools.vstar.ui.mediator,NewStarType,80,64,15,0,30,15,15,6,3,6
VStar,org.aavso.tools.vstar.ui.mediator,Mediator.new Listener() {...},25,6,0,0,5,1,2,1,2,1
VStar,org.aavso.tools.vstar.ui.mediator,Mediator.new Listener() {...},17,9,2,0,4,1,3,1,2,1
VStar,org.aavso.tools.vstar.ui.mediator,Mediator.new Listener() {...},57,6,4,0,17,1,4,1,2,1
VStar,org.aavso.tools.vstar.ui.mediator,Mediator.new Listener() {...},48,0,2,0,10,0,4,0,3,0
VStar,org.aavso.tools.vstar.ui.mediator,Mediator.new Listener() {...},21,6,0,0,7,1,2,1,2,1
VStar,org.aavso.tools.vstar.ui.mediator,Mediator.new Listener() {...},40,6,4,0,9,1,4,1,2,1
VStar,org.aavso.tools.vstar.ui.mediator,ViewModeType,89,48,26,0,30,12,18,1,3,1
VStar,org.aavso.tools.vstar.ui.mediator,Mediator,2716,361,248,4,684,77,222,23,90,21
VStar,org.aavso.tools.vstar.ui.mediator,AnalysisType,0,15,0,0,0,2,0,1,0,1
VStar,org.aavso.tools.vstar.ui.mediator,DocumentManager,720,14,67,1,154,6,70,2,35,2
VStar,org.aavso.tools.vstar.ui.mediator,DocumentManager.new Listener() {...},23,0,0,0,6,0,3,0,3,0
VStar,org.aavso.tools.vstar.ui.mediator,DocumentManager.new Listener() {...},13,0,0,0,4,0,3,0,3,0
VStar,org.aavso.tools.vstar.ui.mediator,StarInfo,74,117,2,2,31,35,22,7,20,7
VStar,org.aavso.tools.vstar.plugin,ObservationSinkPluginBase,21,6,0,0,10,2,9,1,9,1
VStar,org.aavso.tools.vstar.plugin,PluginComponentFactory,129,46,16,0,32,10,12,3,4,3
VStar,org.aavso.tools.vstar.plugin,InputType,27,0,0,0,5,0,1,0,1,0
VStar,org.aavso.tools.vstar.plugin,ObservationToolPluginBase,17,6,0,0,8,2,7,1,7,1
VStar,org.aavso.tools.vstar.plugin,ObservationSourcePluginBase,130,31,2,0,43,11,28,3,27,3
VStar,org.aavso.tools.vstar.plugin,ObservationTransformerPluginBase,17,6,0,0,8,2,7,1,7,1
VStar,org.aavso.tools.vstar.plugin,CustomFilterPluginBase,67,6,4,0,22,2,12,1,10,1
VStar,org.aavso.tools.vstar.plugin,ModelCreatorPluginBase,18,6,0,0,9,2,8,1,8,1
VStar,org.aavso.tools.vstar.plugin,GeneralToolPluginBase,17,6,0,0,8,2,7,1,7,1
VStar,org.aavso.tools.vstar.plugin,CustomFilterPluginBase.new IFilterDescription() {...},23,0,0,0,4,0,4,0,4,0
VStar,org.aavso.tools.vstar.ui.dialog.series,MultipleSeriesSelectionDialog,100,0,0,0,24,0,5,0,5,0
VStar,org.aavso.tools.vstar.ui.dialog.series,AIDSeriesSelectionPane,381,0,12,0,69,0,22,0,16,0
VStar,org.aavso.tools.vstar.ui.dialog.series,SingleSeriesSelectionPane,403,0,36,0,100,0,25,0,7,0
VStar,org.aavso.tools.vstar.ui.dialog.series,AbstractSeriesVisibilityDialog,127,0,2,0,30,0,8,0,7,0
VStar,org.aavso.tools.vstar.ui.dialog.series,SeriesVisibilityPane.new ActionListener() {...},26,0,2,0,6,0,3,0,2,0
VStar,org.aavso.tools.vstar.ui.dialog.series,SeriesVisibilityPane.new ActionListener() {...},49,0,8,0,10,0,6,0,2,0
VStar,org.aavso.tools.vstar.ui.dialog.series,SeriesVisibilityPane.new Listener() {...},25,0,2,0,7,0,4,0,3,0
VStar,org.aavso.tools.vstar.ui.dialog.series,SingleSeriesSelectionDialog,103,0,0,0,24,0,5,0,5,0
VStar,org.aavso.tools.vstar.ui.dialog.series,MeanSourcePane,592,0,32,0,142,0,25,0,9,0
VStar,org.aavso.tools.vstar.ui.dialog.series,SeriesVisibilityPane,748,0,48,0,175,0,40,0,16,0
VStar,org.aavso.tools.vstar.util.discrepant,DiscrepantReport,115,0,0,0,30,0,10,0,10,0
VStar,org.aavso.tools.vstar.util.discrepant,VSXWebServiceZapperLogger,142,0,2,0,30,0,3,0,2,0
VStar,org.aavso.tools.vstar.ui.pane.plot,PhaseAndMeanPlotPane.new Listener() {...},39,0,4,0,7,0,5,0,3,0
VStar,org.aavso.tools.vstar.ui.pane.plot,PhaseAndMeanPlotPane.new Listener() {...},9,0,0,0,3,0,3,0,3,0
VStar,org.aavso.tools.vstar.ui.pane.plot,PhaseAndMeanPlotPane.new Listener() {...},9,0,0,0,3,0,3,0,3,0
VStar,org.aavso.tools.vstar.ui.pane.plot,PhaseAndMeanPlotPane.new Listener() {...},88,0,13,0,17,0,11,0,3,0
VStar,org.aavso.tools.vstar.ui.pane.plot,PhaseAndMeanPlotPane.new Listener() {...},22,0,4,0,6,0,5,0,3,0
VStar,org.aavso.tools.vstar.ui.pane.plot,TimeElementsInBinSettingPane.new Listener() {...},50,0,2,0,11,0,4,0,3,0
VStar,org.aavso.tools.vstar.ui.pane.plot,TimeElementsInBinSettingPane.new ActionListener() {...},40,0,2,0,9,0,3,0,2,0
VStar,org.aavso.tools.vstar.ui.pane.plot,AbstractObservationPlotPane,948,0,84,0,226,0,66,0,24,0
VStar,org.aavso.tools.vstar.ui.pane.plot,AbstractObservationPlotPane.new Runnable() {...},10,0,0,0,3,0,2,0,2,0
VStar,org.aavso.tools.vstar.ui.pane.plot,AbstractObservationPlotPane.new Listener() {...},12,0,0,0,4,0,3,0,3,0
VStar,org.aavso.tools.vstar.ui.pane.plot,AbstractObservationPlotPane.new Listener() {...},12,0,0,0,4,0,3,0,3,0
VStar,org.aavso.tools.vstar.ui.pane.plot,TimeElementsInBinSettingPane,126,0,2,0,32,0,4,0,3,0
VStar,org.aavso.tools.vstar.ui.pane.plot,ObservationAndMeanPlotPane.new Listener() {...},38,0,4,0,7,0,5,0,3,0
VStar,org.aavso.tools.vstar.ui.pane.plot,ObservationAndMeanPlotPane.new Listener() {...},22,0,4,0,6,0,5,0,3,0
VStar,org.aavso.tools.vstar.ui.pane.plot,ObservationAndMeanPlotPane.new Listener() {...},112,0,17,0,20,0,13,0,3,0
VStar,org.aavso.tools.vstar.ui.pane.plot,ObservationAndMeanPlotPane,205,0,14,0,38,0,16,0,9,0
VStar,org.aavso.tools.vstar.ui.pane.plot,VStarPlotDataRenderer,37,0,2,0,8,0,4,0,3,0
VStar,org.aavso.tools.vstar.ui.pane.plot,PhaseAndMeanPlotPane,196,0,8,0,39,0,20,0,16,0
VStar,org.aavso.tools.vstar.input.text,ObservationFieldSplitter,32,85,1,9,7,20,1,7,0,3
VStar,org.aavso.tools.vstar.input.text,ObservationSourceAnalyser,8,195,3,29,0,53,3,22,0,9
VStar,org.aavso.tools.vstar.input.text,TextFormatObservationReader,111,85,18,12,27,27,17,6,4,4
VStar,org.aavso.tools.vstar.ui.model.list,SimpleFormatRawDataColumnInfoSource,14,148,6,22,4,59,7,25,1,8
VStar,org.aavso.tools.vstar.ui.model.list,ValidObservationTableModel,82,147,6,6,23,35,6,18,2,16
VStar,org.aavso.tools.vstar.ui.model.list,ValidObservationTableModel.new Listener() {...},11,6,0,0,4,1,2,1,2,1
VStar,org.aavso.tools.vstar.ui.model.list,ValidObservationTableModel.new Listener() {...},6,6,0,0,3,1,2,1,2,1
VStar,org.aavso.tools.vstar.ui.model.list,PhasePlotModelObservationTableModel,24,55,8,5,8,19,8,7,1,6
VStar,org.aavso.tools.vstar.ui.model.list,ArbitraryFormatPhasePlotColumnInfoSource,85,0,8,0,26,0,12,0,8,0
VStar,org.aavso.tools.vstar.ui.model.list,RawDataMeanObservationTableModel,13,82,6,13,2,38,6,15,0,7
VStar,org.aavso.tools.vstar.ui.model.list,WWZDataTableModel,3,43,0,0,1,13,1,8,1,8
VStar,org.aavso.tools.vstar.ui.model.list,InvalidObservationTableModel,4,69,3,11,0,32,3,14,0,7
VStar,org.aavso.tools.vstar.ui.model.list,AAVSOFormatRawDataColumnInfoSource,282,228,99,18,124,61,87,21,1,8
VStar,org.aavso.tools.vstar.ui.model.list,AbstractSyntheticObservationTableModel,0,46,0,2,0,11,0,5,0,4
VStar,org.aavso.tools.vstar.ui.model.list,PeriodAnalysisDataTableModel,0,128,0,6,0,25,0,14,0,11
VStar,org.aavso.tools.vstar.ui.model.list,RawDataModelObservationTableModel,27,57,9,7,10,24,9,9,1,6
VStar,org.aavso.tools.vstar.ui.model.list,SimpleFormatPhasePlotColumnInfoSource,85,0,8,0,26,0,12,0,8,0
VStar,org.aavso.tools.vstar.ui.model.list,PhasePlotMeanObservationTableModel,27,57,9,7,10,24,9,9,1,6
VStar,org.aavso.tools.vstar.ui.model.list,ArbitraryFormatRawDataColumnInfoSource,236,0,32,0,77,0,34,0,9,0
VStar,org.aavso.tools.vstar.ui.model.list,AbstractModelObservationTableModel,24,17,3,3,6,6,3,4,1,3
VStar,org.aavso.tools.vstar.ui.model.list,AbstractMeanObservationTableModel,0,15,0,0,0,7,0,3,0,3
VStar,org.aavso.tools.vstar.ui.model.list,AAVSOFormatPhasePlotColumnInfoSource,86,0,8,0,27,0,12,0,8,0
VStar,org.aavso.tools.vstar.ui.dialog.filter,ObservationFiltersDialog.new ActionListener() {...},39,0,0,0,9,0,2,0,2,0
VStar,org.aavso.tools.vstar.ui.dialog.filter,ObservationFiltersDialog.new ActionListener() {...},28,0,0,0,7,0,2,0,2,0
VStar,org.aavso.tools.vstar.ui.dialog.filter,ObservationFiltersDialog.new ActionListener() {...},56,0,0,0,11,0,2,0,2,0
VStar,org.aavso.tools.vstar.ui.dialog.filter,ObservationFiltersDialog.new ActionListener() {...},43,0,0,0,10,0,2,0,2,0
VStar,org.aavso.tools.vstar.ui.dialog.filter,ObservationFiltersDialog.new Listener() {...},30,0,0,0,8,0,3,0,3,0
VStar,org.aavso.tools.vstar.ui.dialog.filter,ObservationFiltersDialog.new Listener() {...},56,0,6,0,11,0,6,0,3,0
VStar,org.aavso.tools.vstar.ui.dialog.filter,ObservationFilterDialog,456,0,24,0,121,0,25,0,13,0
VStar,org.aavso.tools.vstar.ui.dialog.filter,ObservationFilterPane.new ActionListener() {...},119,0,10,0,24,0,7,0,2,0
VStar,org.aavso.tools.vstar.ui.dialog.filter,ObservationFilterPane.new ActionListener() {...},22,0,2,0,5,0,3,0,2,0
VStar,org.aavso.tools.vstar.ui.dialog.filter,ObservationFilterDialog.new ActionListener() {...},37,0,4,0,9,0,4,0,2,0
VStar,org.aavso.tools.vstar.ui.dialog.filter,ObservationFilterDialog.new IFilterDescription() {...},25,0,0,0,6,0,4,0,4,0
VStar,org.aavso.tools.vstar.ui.dialog.filter,ObservationFilterDialog.new Listener() {...},17,0,0,0,5,0,3,0,3,0
VStar,org.aavso.tools.vstar.ui.dialog.filter,ObservationFilterDialog.new Listener() {...},50,0,8,0,12,0,7,0,3,0
VStar,org.aavso.tools.vstar.ui.dialog.filter,ObservationFilterDialog.new ActionListener() {...},10,0,0,0,3,0,2,0,2,0
VStar,org.aavso.tools.vstar.ui.dialog.filter,ObservationFiltersDialog,296,0,8,0,71,0,15,0,11,0
VStar,org.aavso.tools.vstar.ui.dialog.filter,ObservationFilterPane,238,0,12,0,51,0,12,0,6,0
