2447500.200000	9.000000			Vis.	PMR						No		G				AA CAS		STD		
2447502.400000	8.700000			Vis.	MZS						No		G				AA CAS		STD		
2447507.100000	9.100000			Vis.	PMR						No		G				AA CAS		STD		
2447508.200000	8.900000			Vis.	VED						No		G				AA CAS		STD		
2447510.400000	8.500000			Vis.	MZS						No		G				AA CAS		STD		
2447512.900000	8.700000			Vis.	HK						No		G				AA CAS		STD		
2447515.300000	8.900000			Vis.	VED						No		G				AA CAS		STD		
2447516.200000	9.000000			Vis.	PMR						No		G				AA CAS		STD		
2447521.400000	8.800000			Vis.	MZS						No		G				AA CAS		STD		
2447523.400000	8.600000			Vis.	PPS						No		G				AA CAS		STD		
2447524.400000	8.800000			Vis.	BIC						No		G				AA CAS		STD		
2447524.400000	8.900000			Vis.	MZS						No		G				AA CAS		STD		
2447525.300000	8.900000			Vis.	PMR						No		G				AA CAS		STD		
2447525.400000	8.700000			Vis.	FRF						No		G				AA CAS		STD		
2447531.400000	8.600000			Vis.	KHL						No		G				AA CAS		STD		
2447533.300000	8.800000			Vis.	VED						No		G				AA CAS		STD		
2447537.200000	8.900000			Vis.	PMR						No		G				AA CAS		STD		
2447538.300000	8.800000			Vis.	VED						No		G				AA CAS		STD		
2447538.400000	9.000000			Vis.	MZS						No		G				AA CAS		STD		
2447538.400000	8.700000			Vis.	PPS						No		G				AA CAS		STD		
2447541.300000	8.500000			Vis.	FFC						No		G				AA CAS		STD		
2447548.300000	8.600000			Vis.	VED						No		G				AA CAS		STD		
2447550.200000	8.900000			Vis.	PMR						No		G				AA CAS		STD		
2447552.300000	8.400000			Vis.	KHL						No		G				AA CAS		STD		
2447553.200000	8.700000			Vis.	FRF						No		G				AA CAS		STD		
2447554.300000	8.500000			Vis.	BIC						No		G				AA CAS		STD		
2447554.300000	8.100000			Vis.	HOO						No		G				AA CAS		STD		
2447555.300000	8.500000			Vis.	BIC						No		G				AA CAS		STD		
2447557.300000	8.500000			Vis.	VED						No		G				AA CAS		STD		
2447558.600000	8.200000			Vis.	MBC						No		G				AA CAS		STD		
2447561.200000	8.700000			Vis.	PMR						No		G				AA CAS		STD		
2447561.300000	8.500000			Vis.	BIC						No		G				AA CAS		STD		
2447563.400000	8.700000			Vis.	PPS						No		G				AA CAS		STD		
2447565.300000	8.400000			Vis.	BIC						No		G				AA CAS		STD		
2447565.300000	8.300000			Vis.	SJZ						No		G				AA CAS		STD		
2447565.300000	8.600000			Vis.	VED						No		G				AA CAS		STD		
2447565.400000	8.600000			Vis.	KHL						No		G				AA CAS		STD		
2447566.300000	8.300000			Vis.	BIC						No		G				AA CAS		STD		
2447567.200000	8.900000			Vis.	PMR						No		G				AA CAS		STD		
2447569.400000	8.200000			Vis.	MZS						No		G				AA CAS		STD		
2447571.300000	8.700000			Vis.	PMR						No		G				AA CAS		STD		
2447572.300000	8.500000			Vis.	VED						No		G				AA CAS		STD		
2447578.200000	9.000000			Vis.	PMR						No		G				AA CAS		STD		
2447580.200000	8.600000			Vis.	KOS						No		G				AA CAS		STD		
2447581.300000	8.700000			Vis.	VED						No		G				AA CAS		STD		
2447590.400000	8.100000			Vis.	MZS						No		G				AA CAS		STD		
2447591.300000	8.500000			Vis.	VED						No		G				AA CAS		STD		
2447592.300000	8.100000			Vis.	SJZ						No		G				AA CAS		STD		
2447592.300000	8.700000			Vis.	PPS						No		G				AA CAS		STD		
2447592.300000	8.400000			Vis.	KOS						No		G				AA CAS		STD		
2447592.300000	8.800000			Vis.	FRF						No		G				AA CAS		STD		
2447592.300000	8.600000			Vis.	BOZ						No		G				AA CAS		STD		
2447594.200000	8.700000			Vis.	PMR						No		G				AA CAS		STD		
2447594.400000	8.100000			Vis.	BIC						No		G				AA CAS		STD		
2447596.300000	8.300000			Vis.	BIC						No		G				AA CAS		STD		
2447599.300000	8.500000			Vis.	VED						No		G				AA CAS		STD		
2447601.300000	8.700000			Vis.	PMR						No		G				AA CAS		STD		
2447605.300000	8.500000			Vis.	VED						No		G				AA CAS		STD		
2447609.300000	8.300000			Vis.	SJZ						No		G				AA CAS		STD		
2447610.400000	9.000000			Vis.	PMR						No		G				AA CAS		STD		
2447612.300000	8.600000			Vis.	FRF						No		G				AA CAS		STD		
2447612.300000	8.700000			Vis.	SJQ						No		G				AA CAS		STD		
2447613.300000	8.600000			Vis.	PPS						No		G				AA CAS		STD		
2447615.400000	8.700000			Vis.	BIC						No		G				AA CAS		STD		
2447617.300000	8.600000			Vis.	PMR						No		G				AA CAS		STD		
2447622.400000	8.700000			Vis.	MZS						No		G				AA CAS		STD		
2447624.400000	8.700000			Vis.	PPS						No		G				AA CAS		STD		
2447632.300000	8.800000			Vis.	PMR						No		G				AA CAS		STD		
2447644.400000	8.700000			Vis.	BIC						No		G				AA CAS		STD		
2447647.400000	8.400000			Vis.	PMR						No		G				AA CAS		STD		
2447648.500000	8.200000			Vis.	SJZ						No		G				AA CAS		STD		
2447652.400000	8.600000			Vis.	PMR						No		G				AA CAS		STD		
2447678.500000	8.200000			Vis.	SJZ						No		G				AA CAS		STD		
2447693.400000	8.400000			Vis.	PPS						No		G				AA CAS		STD		
2447693.600000	8.600000			Vis.	BIC						No		G				AA CAS		STD		
2447708.500000	8.400000			Vis.	PPS						No		G				AA CAS		STD		
2447712.500000	8.300000			Vis.	SJZ						No		G				AA CAS		STD		
2447713.400000	9.000000			Vis.	MZS						No		G				AA CAS		STD		
2447715.400000	8.500000			Vis.	PPS						No		G				AA CAS		STD		
2447726.400000	8.800000			Vis.	KOC						No		G				AA CAS		STD		
2447727.400000	8.500000			Vis.	KOC						No		G				AA CAS		STD		
2447731.410000	8.400000			Vis.	PMR						No		G				AA CAS		STD		
2447734.400000	8.400000			Vis.	PPS						No		G				AA CAS		STD		
2447736.400000	8.800000			Vis.	MZS						No		G				AA CAS		STD		
2447736.400000	8.500000			Vis.	PMR						No		G				AA CAS		STD		
2447742.400000	8.400000			Vis.	PMR						No		G				AA CAS		STD		
2447744.400000	8.200000			Vis.	SJZ						No		G				AA CAS		STD		
2447744.400000	8.200000			Vis.	PPS						No		G				AA CAS		STD		
2447748.380000	8.500000			Vis.	PMR						No		G				AA CAS		STD		
2447749.500000	8.600000			Vis.	SJQ						No		G				AA CAS		STD		
2447752.400000	8.600000			Vis.	MZS						No		G				AA CAS		STD		
2447753.390000	8.700000			Vis.	PMR						No		G				AA CAS		STD		
2447754.300000	8.300000			Vis.	VED						No		G				AA CAS		STD		
2447761.300000	8.600000			Vis.	VED						No		G				AA CAS		STD		
2447766.400000	8.400000			Vis.	SJQ						No		G				AA CAS		STD		
2447768.300000	8.500000			Vis.	VED						No		G				AA CAS		STD		
2447768.400000	8.900000			Vis.	MZS						No		G				AA CAS		STD		
2447769.850000	8.300000			Vis.	OCN						No		G				AA CAS		STD		
2447776.300000	8.800000			Vis.	VED						No		G				AA CAS		STD		
2447776.400000	8.600000			Vis.	SJZ						No		G				AA CAS		STD		
2447776.500000	8.900000			Vis.	KOS						No		G				AA CAS		STD		
2447777.300000	8.700000			Vis.	FRF						No		G				AA CAS		STD		
2447777.400000	8.700000			Vis.	PPS						No		G				AA CAS		STD		
2447780.500000	8.900000			Vis.	TPS						No		G				AA CAS		STD		
2447787.300000	9.200000			Vis.	VED						No		G				AA CAS		STD		
2447789.300000	8.400000			Vis.	SJQ						No		G				AA CAS		STD		
2447789.400000	8.800000			Vis.	PPS						No		G				AA CAS		STD		
2447790.300000	8.800000			Vis.	FFC						No		G				AA CAS		STD		
2447791.300000	8.800000			Vis.	VED						No		G				AA CAS		STD		
2447793.400000	8.900000			Vis.	KOS						No		G				AA CAS		STD		
2447797.400000	8.900000			Vis.	KOS						No		G				AA CAS		STD		
2447798.400000	8.100000			Vis.	MDI						No		G				AA CAS		STD		
2447799.300000	8.800000			Vis.	VED						No		G				AA CAS		STD		
2447799.400000	8.300000			Vis.	SJZ						No		G				AA CAS		STD		
2447801.700000	8.400000			Vis.	AAP						No		G				AA CAS		STD		
2447802.300000	8.300000			Vis.	MDI						No		G				AA CAS		STD		
2447803.300000	8.500000			Vis.	FDA						No		G				AA CAS		STD		
2447805.300000	8.300000			Vis.	FRF						No		G				AA CAS		STD		
2447805.300000	8.200000			Vis.	SJZ						No		G				AA CAS		STD		
2447805.360000	8.700000			Vis.	PMR						No		G				AA CAS		STD		
2447808.300000	8.300000			Vis.	VED						No		G				AA CAS		STD		
2447812.520000	8.800000			Vis.	GRL						No		G				AA CAS		STD		
2447815.300000	8.400000			Vis.	KOC						No		G				AA CAS		STD		
2447816.300000	8.100000			Vis.	VED						No		G				AA CAS		STD		
2447817.300000	8.600000			Vis.	SJQ						No		G				AA CAS		STD		
2447820.300000	8.500000			Vis.	FDA						No		G				AA CAS		STD		
2447821.300000	8.600000			Vis.	SJQ						No		G				AA CAS		STD		
2447822.500000	8.700000			Vis.	KOS						No		G				AA CAS		STD		
2447823.170000	8.700000			Vis.	PMR						No		G				AA CAS		STD		
2447823.300000	8.000000			Vis.	SJZ						No		G				AA CAS		STD		
2447823.400000	8.600000			Vis.	PPS						No		G				AA CAS		STD		
2447823.400000	8.700000			Vis.	MZS						No		G				AA CAS		STD		
2447824.200000	8.200000			Vis.	VED						No		G				AA CAS		STD		
2447824.600000	8.000000			Vis.	TPS						No		G				AA CAS		STD		
2447826.300000	8.300000			Vis.	FDA						No		G				AA CAS		STD		
2447828.300000	8.600000			Vis.	SJQ						No		G				AA CAS		STD		
2447828.400000	8.900000			Vis.	MZS						No		G				AA CAS		STD		
2447828.400000	8.300000			Vis.	KOS						No		G				AA CAS		STD		
2447833.300000	8.300000			Vis.	FRF						No		G				AA CAS		STD		
2447833.300000	8.300000			Vis.	SJZ						No		G				AA CAS		STD		
2447833.400000	8.600000			Vis.	VED						No		G				AA CAS		STD		
2447836.300000	8.600000			Vis.	SJQ						No		G				AA CAS		STD		
2447839.300000	8.100000			Vis.	BIC						No		G				AA CAS		STD		
2447840.310000	8.500000			Vis.	VED						No		G				AA CAS		STD		
2447848.170000	8.800000			Vis.	PMR						No		G				AA CAS		STD		
2447848.300000	8.700000			Vis.	SJQ						No		G				AA CAS		STD		
2447848.300000	8.600000			Vis.	VED						No		G				AA CAS		STD		
2447848.400000	8.700000			Vis.	PPS						No		G				AA CAS		STD		
2447849.200000	8.300000			Vis.	SJZ						No		G				AA CAS		STD		
2447855.230000	8.800000			Vis.	PMR						No		G				AA CAS		STD		
2447855.270000	8.600000			Vis.	VED						No		G				AA CAS		STD		
2447855.400000	8.200000			Vis.	KOS						No		G				AA CAS		STD		
2447859.300000	8.300000			Vis.	SJZ						No		G				AA CAS		STD		
2447859.500000	8.700000			Vis.	TPS						No		G				AA CAS		STD		
2447860.300000	8.500000			Vis.	FRF						No		G				AA CAS		STD		
2447860.400000	8.500000			Vis.	PPS						No		G				AA CAS		STD		
2447862.170000	9.000000			Vis.	PMR						No		G				AA CAS		STD		
2447862.330000	8.700000			Vis.	VED						No		G				AA CAS		STD		
2447865.400000	9.000000			Vis.	MZS						No		G				AA CAS		STD		
2447868.300000	8.600000			Vis.	SJZ						No		G				AA CAS		STD		
2447869.240000	9.100000			Vis.	PMR						No		G				AA CAS		STD		
2447869.300000	9.000000			Vis.	VED						No		G				AA CAS		STD		
2447876.210000	9.100000			Vis.	PMR						No		G				AA CAS		STD		
2447881.340000	9.000000			Vis.	PMR						No		G				AA CAS		STD		
2447881.430000	8.600000			Vis.	VED						No		G				AA CAS		STD		
2447884.300000	8.600000			Vis.	PPS						No		G				AA CAS		STD		
2447886.300000	8.800000			Vis.	SJQ						No		G				AA CAS		STD		
2447888.300000	8.200000			Vis.	SJZ						No		G				AA CAS		STD		
2447890.130000	8.800000			Vis.	PMR						No		G				AA CAS		STD		
2447895.240000	8.700000			Vis.	GRL						No		G				AA CAS		STD		
2447895.300000	8.700000			Vis.	PPS						No		G				AA CAS		STD		
2447895.400000	8.300000			Vis.	FRF						No		G				AA CAS		STD		
2447896.300000	8.200000			Vis.	SJZ						No		G				AA CAS		STD		
2447910.310000	8.400000			Vis.	VED						No		G				AA CAS		STD		
2447911.170000	8.100000			Vis.	PMR						No		G				AA CAS		STD		
2447918.300000	8.300000			Vis.	SJZ						No		G				AA CAS		STD		
2447919.300000	8.400000			Vis.	SJQ						No		G				AA CAS		STD		
2447920.300000	8.500000			Vis.	VED						No		G				AA CAS		STD		
2447924.300000	8.700000			Vis.	PPS						No		G				AA CAS		STD		
2447925.320000	8.800000			Vis.	VED						No		G				AA CAS		STD		
2447928.200000	8.500000			Vis.	SJZ						No		G				AA CAS		STD		
2447932.190000	9.000000			Vis.	PMR						No		G				AA CAS		STD		
2447940.270000	9.100000			Vis.	PMR						No		G				AA CAS		STD		
2447940.300000	8.800000			Vis.	SJZ						No		G				AA CAS		STD		
2447941.300000	8.700000			Vis.	FFC						No		G				AA CAS		STD		
2447942.300000	8.800000			Vis.	SJQ						No		G				AA CAS		STD		
2447943.350000	8.800000			Vis.	VED						No		G				AA CAS		STD		
2447943.400000	8.700000			Vis.	MZS						No		G				AA CAS		STD		
2447944.300000	8.300000			Vis.	TPS						No		G				AA CAS		STD		
2447944.300000	8.800000			Vis.	PPS						No		G				AA CAS		STD		
2447947.290000	9.000000			Vis.	PMR						No		G				AA CAS		STD		
2447947.300000	8.700000			Vis.	SJZ						No		G				AA CAS		STD		
2447952.300000	9.100000			Vis.	PMR						No		G				AA CAS		STD		
2447953.300000	8.700000			Vis.	PPS						No		G				AA CAS		STD		
2447955.300000	8.800000			Vis.	VED						No		G				AA CAS		STD		
2447958.300000	8.100000			Vis.	MZS						No		G				AA CAS		STD		
2447961.270000	8.700000			Vis.	PMR						No		G				AA CAS		STD		
2447963.300000	8.200000			Vis.	SJZ						No		G				AA CAS		STD		
2447963.330000	8.800000			Vis.	VED						No		G				AA CAS		STD		
2447964.300000	8.600000			Vis.	SJQ						No		G				AA CAS		STD		
2447967.470000	8.900000			Vis.	PMR						No		G				AA CAS		STD		
2447968.300000	8.200000			Vis.	SJZ						No		G				AA CAS		STD		
2447968.300000	8.600000			Vis.	SJQ						No		G				AA CAS		STD		
2447974.360000	8.600000			Vis.	PMR						No		G				AA CAS		STD		
2447983.300000	8.600000			Vis.	PPS						No		G				AA CAS		STD		
2447983.500000	8.000000			Vis.	MZS						No		G				AA CAS		STD		
2447994.310000	8.400000			Vis.	PMR						No		G				AA CAS		STD		
2448010.400000	8.700000			Vis.	PMR						No		G				AA CAS		STD		
2448016.400000	8.900000			Vis.	PMR						No		G				AA CAS		STD		
2448020.410000	8.800000			Vis.	PMR						No		G				AA CAS		STD		
2448040.500000	8.400000			Vis.	PPS						No		G				AA CAS		STD		
2448040.500000	8.100000			Vis.	SJZ						No		G				AA CAS		STD		
2448041.500000	8.100000			Vis.	MZS						No		G				AA CAS		STD		
2448052.400000	8.300000			Vis.	PPS						No		G				AA CAS		STD		
2448063.400000	8.300000			Vis.	PPS						No		G				AA CAS		STD		
2448067.500000	8.100000			Vis.	SJZ						No		G				AA CAS		STD		
2448072.400000	8.300000			Vis.	SJQ						No		G				AA CAS		STD		
2448080.400000	8.500000			Vis.	PPS						No		G				AA CAS		STD		
2448082.400000	8.300000			Vis.	MZS						No		G				AA CAS		STD		
2448085.400000	8.400000			Vis.	SJQ						No		G				AA CAS		STD		
2448085.500000	8.200000			Vis.	SJZ						No		G				AA CAS		STD		
2448087.470000	8.300000			Vis.	VED						No		G				AA CAS		STD		
2448093.500000	8.500000			Vis.	FFC						No		G				AA CAS		STD		
2448093.500000	9.000000			Vis.	MOI						No		G				AA CAS		STD		
2448094.400000	8.800000			Vis.	PPS						No		G				AA CAS		STD		
2448095.410000	8.500000			Vis.	VED						No		G				AA CAS		STD		
2448097.400000	8.700000			Vis.	PMR						No		G				AA CAS		STD		
2448097.440000	8.800000			Vis.	VED						No		G				AA CAS		STD		
2448099.400000	8.500000			Vis.	KOC						No		G				AA CAS		STD		
2448099.500000	8.600000			Vis.	SJQ						No		G				AA CAS		STD		
2448101.380000	8.700000			Vis.	PMR						No		G				AA CAS		STD		
2448102.400000	8.600000			Vis.	KVI						No		G				AA CAS		STD		
2448104.500000	8.700000			Vis.	VED						No		G				AA CAS		STD		
2448105.500000	8.700000			Vis.	SJQ						No		G				AA CAS		STD		
2448105.500000	8.300000			Vis.	SJZ						No		G				AA CAS		STD		
2448106.400000	9.000000			Vis.	PMR						No		G				AA CAS		STD		
2448109.400000	8.600000			Vis.	PPS						No		G				AA CAS		STD		
2448111.390000	8.900000			Vis.	PMR						No		G				AA CAS		STD		
2448112.420000	8.600000			Vis.	VED						No		G				AA CAS		STD		
2448117.400000	8.700000			Vis.	SJQ						No		G				AA CAS		STD		
2448118.500000	8.600000			Vis.	KVI						No		G				AA CAS		STD		
2448118.500000	8.500000			Vis.	TPS						No		G				AA CAS		STD		
2448120.360000	9.000000			Vis.	PMR						No		G				AA CAS		STD		
2448121.500000	8.100000			Vis.	SJZ						No		G				AA CAS		STD		
2448122.400000	8.500000			Vis.	MZS						No		G				AA CAS		STD		
2448122.400000	8.300000			Vis.	SKV						No		G				AA CAS		STD		
2448123.360000	8.800000			Vis.	VED						No		G				AA CAS		STD		
2448128.400000	8.300000			Vis.	PPS						No		G				AA CAS		STD		
2448128.400000	8.700000			Vis.	WTK						No		G				AA CAS		STD		
2448128.500000	8.400000			Vis.	SJQ						No		G				AA CAS		STD		
2448129.400000	8.500000			Vis.	PMR						No		G				AA CAS		STD		
2448131.400000	8.600000			Vis.	VED						No		G				AA CAS		STD		
2448131.400000	7.900000			Vis.	SJZ						No		G				AA CAS		STD		
2448141.340000	8.500000			Vis.	VED						No		G				AA CAS		STD		
2448144.400000	8.300000			Vis.	PPS						No		G				AA CAS		STD		
2448146.300000	8.400000			Vis.	SKV						No		G				AA CAS		STD		
2448149.400000	8.300000			Vis.	VED						No		G				AA CAS		STD		
2448157.400000	8.000000			Vis.	SJZ						No		G				AA CAS		STD		
2448157.400000	8.300000			Vis.	SQJ						No		G				AA CAS		STD		
2448161.300000	8.300000			Vis.	VED						No		G				AA CAS		STD		
2448168.300000	8.200000			Vis.	SJZ						No		G				AA CAS		STD		
2448169.380000	8.300000			Vis.	VED						No		G				AA CAS		STD		
2448170.380000	8.900000			Vis.	PMR						No		G				AA CAS		STD		
2448175.300000	8.700000			Vis.	SJQ						No		G				AA CAS		STD		
2448175.300000	8.600000			Vis.	SKV						No		G				AA CAS		STD		
2448176.300000	8.300000			Vis.	SJZ						No		G				AA CAS		STD		
2448176.350000	8.500000			Vis.	VED						No		G				AA CAS		STD		
2448176.400000	9.100000			Vis.	MZS						No		G				AA CAS		STD		
2448177.300000	8.700000			Vis.	SJQ						No		G				AA CAS		STD		
2448177.310000	9.100000			Vis.	PMR						No		G				AA CAS		STD		
2448177.400000	8.500000			Vis.	KYA						No		G				AA CAS		STD		
2448180.300000	8.700000			Vis.	PPS						No		G				AA CAS		STD		
2448180.300000	8.800000			Vis.	SJQ						No		G				AA CAS		STD		
2448181.700000	8.200000			Vis.	SWT						No		G				AA CAS		STD		
2448182.300000	8.300000			Vis.	SJZ						No		G				AA CAS		STD		
2448182.300000	8.600000			Vis.	SKV						No		G				AA CAS		STD		
2448184.400000	8.800000			Vis.	SJQ						No		G				AA CAS		STD		
2448185.360000	9.000000			Vis.	PMR						No		G				AA CAS		STD		
2448185.360000	8.500000			Vis.	VED						No		G				AA CAS		STD		
2448190.300000	8.300000			Vis.	SJZ						No		G				AA CAS		STD		
2448190.300000	8.700000			Vis.	SJQ						No		G				AA CAS		STD		
2448195.280000	8.900000			Vis.	BHS		NA		NA		No		P				AA CAS		STD		
2448197.300000	8.700000			Vis.	VED						No		G				AA CAS		STD		
2448200.370000	8.800000			Vis.	BHS		NA		NA		No		P				AA CAS		STD		
2448202.260000	8.700000			Vis.	BHS		NA		NA		No		P				AA CAS		STD		
2448202.300000	8.600000			Vis.	PPS						No		G				AA CAS		STD		
2448204.310000	8.700000			Vis.	BHS		NA		NA		No		P				AA CAS		STD		
2448206.300000	9.200000			Vis.	SKV						No		G				AA CAS		STD		
2448206.300000	8.300000			Vis.	SJZ						No		G				AA CAS		STD		
2448212.400000	8.400000			Vis.	MZS						No		G				AA CAS		STD		
2448213.260000	8.700000			Vis.	BHS		NA		NA		No		P				AA CAS		STD		
2448216.330000	8.800000			Vis.	VED						No		G				AA CAS		STD		
2448219.450000	9.100000			Vis.	PMR						No		G				AA CAS		STD		
2448219.800000	8.500000			Vis.	LAR						No		G				AA CAS		STD		
2448221.300000	8.200000			Vis.	SJQ						No		G				AA CAS		STD		
2448221.600000	8.500000			Vis.	SWT						No		G				AA CAS		STD		
2448222.300000	8.300000			Vis.	SJZ						No		G				AA CAS		STD		
2448222.300000	8.300000			Vis.	KHL						No		G				AA CAS		STD		
2448223.210000	8.800000			Vis.	BHS		NA		NA		No		P				AA CAS		STD		
2448223.330000	8.800000			Vis.	VED						No		G				AA CAS		STD		
2448227.250000	9.100000			Vis.	PMR						No		G				AA CAS		STD		
2448227.300000	8.800000			Vis.	PPS						No		G				AA CAS		STD		
2448229.300000	8.700000			Vis.	SKV						No		G				AA CAS		STD		
2448230.260000	8.700000			Vis.	BHS		NA		NA		No		P				AA CAS		STD		
2448231.240000	9.100000			Vis.	PMR						No		G				AA CAS		STD		
2448231.320000	8.800000			Vis.	VED						No		G				AA CAS		STD		
2448233.200000	8.300000			Vis.	SJZ						No		G				AA CAS		STD		
2448239.290000	8.700000			Vis.	BHS		NA		NA		No		P				AA CAS		STD		
2448242.330000	8.700000			Vis.	VED						No		G				AA CAS		STD		
2448247.260000	8.700000			Vis.	BHS		NA		NA		No		P				AA CAS		STD		
2448250.650000	9.100000			Vis.	YRK						No		G				AA CAS		STD		
2448251.300000	8.700000			Vis.	SKV						No		G				AA CAS		STD		
2448251.300000	8.800000			Vis.	PPS						No		G				AA CAS		STD		
2448253.330000	8.800000			Vis.	VED						No		G				AA CAS		STD		
2448257.280000	9.200000			Vis.	PMR						No		G				AA CAS		STD		
2448261.350000	8.700000			Vis.	VED						No		G				AA CAS		STD		
2448267.300000	8.800000			Vis.	SJZ						No		G				AA CAS		STD		
2448268.140000	9.200000			Vis.	PMR						No		G				AA CAS		STD		
2448268.400000	9.200000			Vis.	MDI						No		G				AA CAS		STD		
2448269.250000	8.800000			Vis.	BHS		NA		NA		No		P				AA CAS		STD		
2448270.340000	8.800000			Vis.	VED						No		G				AA CAS		STD		
2448274.300000	8.700000			Vis.	BHS		NA		NA		No		P				AA CAS		STD		
2448275.200000	8.900000			Vis.	SJZ						No		G				AA CAS		STD		
2448275.250000	9.100000			Vis.	PMR						No		G				AA CAS		STD		
2448278.310000	8.700000			Vis.	BHS		NA		NA		No		P				AA CAS		STD		
2448278.400000	9.200000			Vis.	MDI						No		G				AA CAS		STD		
2448278.410000	8.700000			Vis.	VED						No		G				AA CAS		STD		
2448282.240000	9.000000			Vis.	PMR						No		G				AA CAS		STD		
2448284.260000	8.600000			Vis.	BHS		NA		NA		No		P				AA CAS		STD		
2448285.650000	8.900000			Vis.	YRK						No		G				AA CAS		STD		
2448286.340000	8.700000			Vis.	VED						No		G				AA CAS		STD		
2448289.300000	8.500000			Vis.	SJZ						No		G				AA CAS		STD		
2448290.200000	8.300000			Vis.	KOS						No		G				AA CAS		STD		
2448291.300000	8.700000			Vis.	BHS		NA		NA		No		P				AA CAS		STD		
2448293.330000	8.600000			Vis.	VED						No		G				AA CAS		STD		
2448297.300000	8.800000			Vis.	PPS						No		G				AA CAS		STD		
2448302.370000	8.700000			Vis.	BHS		NA		NA		No		P				AA CAS		STD		
2448304.310000	8.500000			Vis.	VED						No		G				AA CAS		STD		
2448306.300000	8.700000			Vis.	SJQ						No		G				AA CAS		STD		
2448306.300000	8.300000			Vis.	KOS						No		G				AA CAS		STD		
2448311.310000	8.500000			Vis.	VED						No		G				AA CAS		STD		
2448319.330000	8.500000			Vis.	VED						No		G				AA CAS		STD		
2448326.360000	8.600000			Vis.	VED						No		G				AA CAS		STD		
2448331.300000	8.900000			Vis.	PPS						No		G				AA CAS		STD		
2448331.330000	9.100000			Vis.	PMR						No		G				AA CAS		STD		
2448341.300000	8.800000			Vis.	SKV						No		G				AA CAS		STD		
2448341.430000	8.800000			Vis.	BHS		NA		NA		No		P				AA CAS		STD		
2448343.320000	9.200000			Vis.	PMR						No		G				AA CAS		STD		
2448346.630000	8.900000			Vis.	BHS		NA		NA		No		P				AA CAS		STD		
2448355.500000	9.000000			Vis.	MZS						No		G				AA CAS		STD		
2448356.430000	8.700000			Vis.	BHS		NA		NA		No		P				AA CAS		STD		
2448362.370000	8.900000			Vis.	BHS		NA		NA		No		P				AA CAS		STD		
2448366.420000	8.800000			Vis.	BHS		NA		NA		No		P				AA CAS		STD		
2448382.440000	8.400000			Vis.	BHS		NA		NA		No		P				AA CAS		STD		
2448385.400000	8.200000			Vis.	MZS						No		G				AA CAS		STD		
2448402.400000	8.400000			Vis.	PPS						No		G				AA CAS		STD		
2448407.490000	8.600000			Vis.	GRL						No		G				AA CAS		STD		
2448413.400000	8.700000			Vis.	MZS						No		G				AA CAS		STD		
2448417.500000	8.700000			Vis.	TPS						No		G				AA CAS		STD		
2448418.500000	8.900000			Vis.	KOS						No		G				AA CAS		STD		
2448421.500000	8.200000			Vis.	SJQ						No		G				AA CAS		STD		
2448423.400000	8.700000			Vis.	PPS						No		G				AA CAS		STD		
2448424.500000	9.000000			Vis.	SKV						No		G				AA CAS		STD		
2448427.500000	8.700000			Vis.	SJZ						No		G				AA CAS		STD		
2448429.400000	8.800000			Vis.	PPS						No		G				AA CAS		STD		
2448431.500000	9.100000			Vis.	KOS						No		G				AA CAS		STD		
2448441.300000	8.800000			Vis.	PPS						No		G				AA CAS		STD		
2448444.400000	9.100000			Vis.	KOS						No		G				AA CAS		STD		
2448444.500000	8.200000			Vis.	SJZ						No		G				AA CAS		STD		
2448446.500000	8.700000			Vis.	SKV						No		G				AA CAS		STD		
2448454.300000	8.600000			Vis.	PPS						No		G				AA CAS		STD		
2448460.500000	8.300000			Vis.	VED						No		G				AA CAS		STD		
2448461.300000	8.600000			Vis.	PPS						No		G				AA CAS		STD		
2448461.500000	8.800000			Vis.	KOS						No		G				AA CAS		STD		
2448464.430000	8.200000			Vis.	PMR						No		G				AA CAS		STD		
2448469.470000	8.500000			Vis.	GRL						No		G				AA CAS		STD		
2448470.390000	8.600000			Vis.	PMR						No		G				AA CAS		STD		
2448474.380000	8.600000			Vis.	PMR						No		G				AA CAS		STD		
2448474.450000	8.300000			Vis.	VED						No		G				AA CAS		STD		
2448475.300000	8.600000			Vis.	PPS						No		G				AA CAS		STD		
2448477.400000	8.200000			Vis.	SJZ						No		G				AA CAS		STD		
2448480.400000	8.700000			Vis.	SJQ						No		G				AA CAS		STD		
2448480.400000	8.800000			Vis.	MZS						No		G				AA CAS		STD		
2448482.400000	8.900000			Vis.	PMR						No		G				AA CAS		STD		
2448483.490000	8.600000			Vis.	GRL						No		G				AA CAS		STD		
2448484.400000	8.800000			Vis.	VED						No		G				AA CAS		STD		
2448485.400000	9.000000			Vis.	KOS						No		G				AA CAS		STD		
2448487.390000	9.000000			Vis.	PMR						No		G				AA CAS		STD		
2448487.490000	8.600000			Vis.	GRL						No		G				AA CAS		STD		
2448494.400000	9.000000			Vis.	VED						No		G				AA CAS		STD		
2448495.500000	8.800000			Vis.	GRL						No		G				AA CAS		STD		
2448499.410000	9.100000			Vis.	PMR						No		G				AA CAS		STD		
2448500.400000	8.900000			Vis.	SJQ						No		G				AA CAS		STD		
2448500.620000	9.100000			Vis.	GRL						No		G				AA CAS		STD		
2448502.400000	8.800000			Vis.	SJZ						No		G				AA CAS		STD		
2448502.400000	9.100000			Vis.	KOS						No		G				AA CAS		STD		
2448502.410000	8.800000			Vis.	BHS		NA		NA		No		P				AA CAS		STD		
2448503.370000	9.000000			Vis.	VED						No		G				AA CAS		STD		
2448503.400000	9.200000			Vis.	MZS						No		G				AA CAS		STD		
2448503.400000	8.700000			Vis.	TPS						No		G				AA CAS		STD		
2448504.400000	8.800000			Vis.	SJQ						No		G				AA CAS		STD		
2448504.530000	8.900000			Vis.	GRL						No		G				AA CAS		STD		
2448508.500000	9.000000			Vis.	KOS						No		G				AA CAS		STD		
2448509.300000	8.800000			Vis.	SJQ						No		G				AA CAS		STD		
2448510.560000	8.700000			Vis.	BHS		NA		NA		No		P				AA CAS		STD		
2448511.570000	8.800000			Vis.	GRL						No		G				AA CAS		STD		
2448513.300000	8.300000			Vis.	SJZ						No		G				AA CAS		STD		
2448513.500000	8.800000			Vis.	MOI						No		G				AA CAS		STD		
2448515.400000	8.500000			Vis.	VED						No		G				AA CAS		STD		
2448518.300000	8.600000			Vis.	PPS						No		G				AA CAS		STD		
2448519.450000	8.500000			Vis.	GRL						No		G				AA CAS		STD		
2448522.400000	8.400000			Vis.	VED						No		G				AA CAS		STD		
2448524.530000	8.500000			Vis.	GRL						No		G				AA CAS		STD		
2448528.320000	8.600000			Vis.	PMR						No		G				AA CAS		STD		
2448531.340000	8.300000			Vis.	VED						No		G				AA CAS		STD		
2448532.300000	8.500000			Vis.	PPS						No		G				AA CAS		STD		
2448532.500000	8.100000			Vis.	SJZ						No		G				AA CAS		STD		
2448534.300000	7.800000			Vis.	SJQ						No		G				AA CAS		STD		
2448534.400000	8.500000			Vis.	KOS						No		G				AA CAS		STD		
2448538.300000	7.600000			Vis.	SJZ						No		G				AA CAS		STD		
2448539.300000	7.800000			Vis.	SJQ						No		G				AA CAS		STD		
2448542.390000	7.800000			Vis.	BHS		NA		NA		No		P				AA CAS		STD		
2448543.330000	8.000000			Vis.	BHS		NA		NA		No		P				AA CAS		STD		
2448544.300000	7.600000			Vis.	SJZ						No		G				AA CAS		STD		
2448544.450000	8.300000			Vis.	VED						No		G				AA CAS		STD		
2448545.300000	8.000000			Vis.	SJQ						No		G				AA CAS		STD		
2448549.530000	8.400000			Vis.	GRL						No		G				AA CAS		STD		
2448550.320000	8.600000			Vis.	PMR						No		G				AA CAS		STD		
2448551.330000	8.100000			Vis.	BHS		NA		NA		No		P				AA CAS		STD		
2448555.220000	8.700000			Vis.	PMR						No		G				AA CAS		STD		
2448555.300000	8.100000			Vis.	SJZ						No		G				AA CAS		STD		
2448555.480000	8.300000			Vis.	VED						No		G				AA CAS		STD		
2448560.300000	8.500000			Vis.	SKV						No		G				AA CAS		STD		
2448562.300000	8.700000			Vis.	SJQ						No		G				AA CAS		STD		
2448562.300000	8.700000			Vis.	PPS						No		G				AA CAS		STD		
2448567.500000	8.800000			Vis.	SJZ						No		G				AA CAS		STD		
2448569.450000	8.700000			Vis.	VED						No		G				AA CAS		STD		
2448569.520000	9.200000			Vis.	GRL						No		G				AA CAS		STD		
2448570.400000	8.700000			Vis.	MZS						No		G				AA CAS		STD		
2448571.270000	9.200000			Vis.	BHS		NA		NA		No		P				AA CAS		STD		
2448572.300000	8.700000			Vis.	PPS						No		G				AA CAS		STD		
2448572.570000	9.100000			Vis.	GRL						No		G				AA CAS		STD		
2448576.300000	8.900000			Vis.	SJZ						No		G				AA CAS		STD		
2448579.250000	9.200000			Vis.	VED						No		G				AA CAS		STD		
2448579.530000	9.200000			Vis.	GRL						No		G				AA CAS		STD		
2448580.430000	9.000000			Vis.	BHS		NA		NA		No		P				AA CAS		STD		
2448583.280000	9.300000			Vis.	PMR						No		G				AA CAS		STD		
2448584.200000	8.800000			Vis.	SJZ						No		G				AA CAS		STD		
2448585.600000	9.000000			Vis.	MOL						No		G				AA CAS		STD		
2448587.250000	9.200000			Vis.	VED						No		G				AA CAS		STD		
2448588.620000	9.200000			Vis.	GRL						No		G				AA CAS		STD		
2448589.200000	8.800000			Vis.	SJZ						No		G				AA CAS		STD		
2448592.300000	8.800000			Vis.	SKV						No		G				AA CAS		STD		
2448592.520000	9.200000			Vis.	GRL						No		G				AA CAS		STD		
2448593.300000	8.700000			Vis.	SJQ						No		G				AA CAS		STD		
2448593.300000	8.800000			Vis.	SPQ						No		G				AA CAS		STD		
2448593.300000	8.800000			Vis.	PPS						No		G				AA CAS		STD		
2448593.500000	8.700000			Vis.	TPS						No		G				AA CAS		STD		
2448595.570000	8.800000			Vis.	BHS		NA		NA		No		P				AA CAS		STD		
2448596.260000	9.100000			Vis.	PMR						No		G				AA CAS		STD		
2448596.360000	9.000000			Vis.	VED						No		G				AA CAS		STD		
2448597.600000	9.000000			Vis.	LAR						No		G				AA CAS		STD		
2448597.640000	9.100000			Vis.	GRL						No		G				AA CAS		STD		
2448598.380000	8.700000			Vis.	BHS		NA		NA		No		P				AA CAS		STD		
2448600.200000	8.300000			Vis.	SJZ						No		G				AA CAS		STD		
2448602.300000	8.600000			Vis.	SKV						No		G				AA CAS		STD		
2448602.370000	8.800000			Vis.	BHS		NA		NA		No		P				AA CAS		STD		
2448602.670000	8.900000			Vis.	GRL						No		G				AA CAS		STD		
2448605.200000	8.100000			Vis.	SJZ						No		G				AA CAS		STD		
2448612.400000	8.000000			Vis.	MZS						No		G				AA CAS		STD		
2448612.570000	8.700000			Vis.	GRL						No		G				AA CAS		STD		
2448613.200000	8.700000			Vis.	PMR						No		G				AA CAS		STD		
2448614.400000	8.300000			Vis.	FRF						No		G				AA CAS		STD		
2448615.260000	8.000000			Vis.	BHS		NA		NA		No		P				AA CAS		STD		
2448616.230000	8.400000			Vis.	VED						No		G				AA CAS		STD		
2448616.600000	7.900000			Vis.	MOL						No		G				AA CAS		STD		
2448619.300000	7.800000			Vis.	SJZ						No		G				AA CAS		STD		
2448619.370000	8.700000			Vis.	PMR						No		G				AA CAS		STD		
2448621.300000	8.500000			Vis.	PPS						No		G				AA CAS		STD		
2448623.260000	8.000000			Vis.	BHS		NA		NA		No		P				AA CAS		STD		
2448625.140000	8.500000			Vis.	PMR						No		G				AA CAS		STD		
2448625.300000	8.300000			Vis.	SJZ						No		G				AA CAS		STD		
2448625.300000	8.100000			Vis.	KOS						No		G				AA CAS		STD		
2448625.400000	8.300000			Vis.	MZS						No		G				AA CAS		STD		
2448629.300000	8.800000			Vis.	PPS						No		G				AA CAS		STD		
2448629.300000	8.500000			Vis.	SKV						No		G				AA CAS		STD		
2448629.400000	8.600000			Vis.	TPS						No		G				AA CAS		STD		
2448631.360000	8.200000			Vis.	BHS		NA		NA		No		P				AA CAS		STD		
2448633.260000	8.500000			Vis.	PMR						No		G				AA CAS		STD		
2448633.300000	8.300000			Vis.	SJZ						No		G				AA CAS		STD		
2448634.310000	8.200000			Vis.	BHS		NA		NA		No		P				AA CAS		STD		
2448636.340000	8.600000			Vis.	VED						No		G				AA CAS		STD		
2448639.220000	8.800000			Vis.	PMR						No		G				AA CAS		STD		
2448643.390000	9.000000			Vis.	VED						No		G				AA CAS		STD		
2448644.320000	8.500000			Vis.	BHS		NA		NA		No		P				AA CAS		STD		
2448645.200000	8.800000			Vis.	SJZ						No		G				AA CAS		STD		
2448645.300000	8.800000			Vis.	PPS						No		G				AA CAS		STD		
2448645.400000	8.800000			Vis.	FRF						No		G				AA CAS		STD		
2448646.220000	9.000000			Vis.	PMR						No		G				AA CAS		STD		
2448646.300000	8.900000			Vis.	SJQ						No		G				AA CAS		STD		
2448650.600000	8.500000			Vis.	MOL						No		G				AA CAS		STD		
2448651.200000	9.300000			Vis.	SJZ						No		G				AA CAS		STD		
2448651.260000	8.800000			Vis.	VED						No		G				AA CAS		STD		
2448652.300000	8.700000			Vis.	FRF						No		G				AA CAS		STD		
2448653.270000	9.100000			Vis.	PMR						No		G				AA CAS		STD		
2448653.400000	8.600000			Vis.	MZS						No		G				AA CAS		STD		
2448657.490000	9.100000			Vis.	GRL						No		G				AA CAS		STD		
2448658.330000	8.700000			Vis.	BHS		NA		NA		No		P				AA CAS		STD		
2448660.330000	9.000000			Vis.	VED						No		G				AA CAS		STD		
2448661.270000	9.100000			Vis.	PMR						No		G				AA CAS		STD		
2448662.300000	8.800000			Vis.	SJZ						No		G				AA CAS		STD		
2448666.300000	8.700000			Vis.	PPS						No		G				AA CAS		STD		
2448669.350000	8.600000			Vis.	VED						No		G				AA CAS		STD		
2448673.220000	8.900000			Vis.	PMR						No		G				AA CAS		STD		
2448674.340000	8.500000			Vis.	BHS		NA		NA		No		P				AA CAS		STD		
2448677.300000	8.400000			Vis.	SKV						No		G				AA CAS		STD		
2448677.300000	8.300000			Vis.	SJZ						No		G				AA CAS		STD		
2448678.370000	8.700000			Vis.	PMR						No		G				AA CAS		STD		
2448679.400000	8.700000			Vis.	MZS						No		G				AA CAS		STD		
2448681.280000	8.300000			Vis.	VED						No		G				AA CAS		STD		
2448682.313000	8.700000			Vis.	KHL						No		G				AA CAS		STD		
2448683.300000	8.300000			Vis.	SJZ						No		G				AA CAS		STD		
2448684.300000	8.500000			Vis.	PPS						No		G				AA CAS		STD		
2448686.300000	8.500000			Vis.	SKV						No		G				AA CAS		STD		
2448686.300000	8.000000			Vis.	KOS						No		G				AA CAS		STD		
2448687.400000	8.000000			Vis.	MZS						No		G				AA CAS		STD		
2448692.300000	8.300000			Vis.	SJZ						No		G				AA CAS		STD		
2448696.330000	8.700000			Vis.	PMR						No		G				AA CAS		STD		
2448699.300000	8.500000			Vis.	PPS						No		G				AA CAS		STD		
2448701.330000	8.500000			Vis.	BHS		NA		NA		No		P				AA CAS		STD		
2448706.340000	8.500000			Vis.	BHS		NA		NA		No		P				AA CAS		STD		
2448710.300000	8.700000			Vis.	KOS						No		G				AA CAS		STD		
2448711.330000	8.500000			Vis.	BHS		NA		NA		No		P				AA CAS		STD		
2448712.300000	8.900000			Vis.	SJZ						No		G				AA CAS		STD		
2448723.300000	8.800000			Vis.	PPS						No		G				AA CAS		STD		
2448730.340000	9.100000			Vis.	PMR						No		G				AA CAS		STD		
2448733.350000	8.600000			Vis.	BHS		NA		NA		No		P				AA CAS		STD		
2448745.410000	8.500000			Vis.	BHS		NA		NA		No		P				AA CAS		STD		
2448746.400000	8.600000			Vis.	PPS						No		G				AA CAS		STD		
2448746.500000	8.800000			Vis.	KOS						No		G				AA CAS		STD		
2448748.500000	8.200000			Vis.	SJZ						No		G				AA CAS		STD		
2448748.510000	8.800000			Vis.	GRL						No		G				AA CAS		STD		
2448753.440000	8.700000			Vis.	GRL						No		G				AA CAS		STD		
2448756.490000	8.300000			Vis.	BHS		NA		NA		No		P				AA CAS		STD		
2448759.510000	8.400000			Vis.	GRL						No		G				AA CAS		STD		
2448761.420000	8.300000			Vis.	BHS		NA		NA		No		P				AA CAS		STD		
2448764.490000	8.300000			Vis.	GRL						No		G				AA CAS		STD		
2448767.500000	8.100000			Vis.	SJZ						No		G				AA CAS		STD		
2448769.300000	8.100000			Vis.	KIS						No		G				AA CAS		STD		
2448769.500000	8.300000			Vis.	GRL						No		G				AA CAS		STD		
2448773.400000	8.300000			Vis.	PPS						No		G				AA CAS		STD		
2448774.400000	8.100000			Vis.	MZS						No		G				AA CAS		STD		
2448774.500000	8.300000			Vis.	KOS						No		G				AA CAS		STD		
2448796.400000	8.700000			Vis.	MZS						No		G				AA CAS		STD		
2448803.500000	8.900000			Vis.	SJZ						No		G				AA CAS		STD		
2448804.400000	8.700000			Vis.	PPS						No		G				AA CAS		STD		
2448812.500000	8.700000			Vis.	SJZ						No		G				AA CAS		STD		
2448824.500000	8.300000			Vis.	KOS						No		G				AA CAS		STD		
2448825.400000	8.400000			Vis.	SJQ						No		G				AA CAS		STD		
2448825.400000	8.500000			Vis.	SJZ						No		G				AA CAS		STD		
2448826.410000	8.700000			Vis.	PMR						No		G				AA CAS		STD		
2448828.400000	8.300000			Vis.	MZS						No		G				AA CAS		STD		
2448828.400000	8.700000			Vis.	VED						No		G				AA CAS		STD		
2448829.400000	8.300000			Vis.	PPS						No		G				AA CAS		STD		
2448832.400000	8.300000			Vis.	SJZ						No		G				AA CAS		STD		
2448832.400000	8.500000			Vis.	SJQ						No		G				AA CAS		STD		
2448833.420000	8.800000			Vis.	PMR						No		G				AA CAS		STD		
2448836.500000	8.400000			Vis.	KVI						No		G				AA CAS		STD		
2448838.390000	8.700000			Vis.	PMR						No		G				AA CAS		STD		
2448838.400000	8.400000			Vis.	MZS						No		G				AA CAS		STD		
2448840.400000	8.200000			Vis.	SJZ						No		G				AA CAS		STD		
2448841.400000	8.400000			Vis.	SJQ						No		G				AA CAS		STD		
2448842.400000	8.300000			Vis.	PPS						No		G				AA CAS		STD		
2448843.390000	8.700000			Vis.	PMR						No		G				AA CAS		STD		
2448849.400000	8.300000			Vis.	VED						No		G				AA CAS		STD		
2448851.390000	8.500000			Vis.	PMR						No		G				AA CAS		STD		
2448853.400000	8.400000			Vis.	PPS						No		G				AA CAS		STD		
2448854.400000	8.600000			Vis.	SJQ						No		G				AA CAS		STD		
2448854.400000	8.300000			Vis.	SJZ						No		G				AA CAS		STD		
2448856.500000	8.300000			Vis.	KOS						No		G				AA CAS		STD		
2448857.400000	8.700000			Vis.	SJQ						No		G				AA CAS		STD		
2448859.400000	8.600000			Vis.	CSM						No		G				AA CAS		STD		
2448860.370000	8.500000			Vis.	VED						No		G				AA CAS		STD		
2448860.390000	8.900000			Vis.	PMR						No		G				AA CAS		STD		
2448861.400000	8.600000			Vis.	SJQ						No		G				AA CAS		STD		
2448863.400000	8.400000			Vis.	SJZ						No		G				AA CAS		STD		
2448863.700000	8.100000			Vis.	HK						No		G				AA CAS		STD		
2448869.400000	8.700000			Vis.	SJQ						No		G				AA CAS		STD		
2448870.400000	8.500000			Vis.	VED						No		G				AA CAS		STD		
2448872.430000	8.600000			Vis.	BHS		NA		NA		No		P				AA CAS		STD		
2448877.350000	9.100000			Vis.	PMR						No		G				AA CAS		STD		
2448878.370000	8.600000			Vis.	GRL						No		G				AA CAS		STD		
2448882.300000	8.400000			Vis.	PPS						No		G				AA CAS		STD		
2448882.320000	8.300000			Vis.	VED						No		G				AA CAS		STD		
2448882.430000	8.700000			Vis.	BHS		NA		NA		No		P				AA CAS		STD		
2448883.300000	8.500000			Vis.	SJZ						No		G				AA CAS		STD		
2448883.300000	8.200000			Vis.	KIS						No		G				AA CAS		STD		
2448884.300000	8.800000			Vis.	KOS						No		G				AA CAS		STD		
2448884.310000	8.900000			Vis.	PMR						No		G				AA CAS		STD		
2448885.300000	8.800000			Vis.	SJQ						No		G				AA CAS		STD		
2448885.610000	8.600000			Vis.	GRL						No		G				AA CAS		STD		
2448886.500000	8.700000			Vis.	TPS						No		G				AA CAS		STD		
2448892.560000	8.700000			Vis.	GRL						No		G				AA CAS		STD		
2448893.300000	8.300000			Vis.	SJZ						No		G				AA CAS		STD		
2448894.300000	8.100000			Vis.	KIS						No		G				AA CAS		STD		
2448897.300000	8.600000			Vis.	PPS						No		G				AA CAS		STD		
2448898.310000	8.400000			Vis.	BHS		NA		NA		No		P				AA CAS		STD		
2448903.340000	8.400000			Vis.	BHS		NA		NA		No		P				AA CAS		STD		
2448906.450000	8.300000			Vis.	BHS		NA		NA		No		P				AA CAS		STD		
2448908.350000	8.500000			Vis.	VED						No		G				AA CAS		STD		
2448909.300000	8.300000			Vis.	SJZ						No		G				AA CAS		STD		
2448915.300000	8.300000			Vis.	SJZ						No		G				AA CAS		STD		
2448925.250000	8.600000			Vis.	VED						No		G				AA CAS		STD		
2448930.300000	8.300000			Vis.	SJZ						No		G				AA CAS		STD		
2448931.410000	8.200000			Vis.	BHS		NA		NA		No		P				AA CAS		STD		
2448933.300000	8.800000			Vis.	PPS						No		G				AA CAS		STD		
2448935.220000	9.000000			Vis.	PMR						No		G				AA CAS		STD		
2448940.240000	8.600000			Vis.	VED						No		G				AA CAS		STD		
2448940.300000	8.700000			Vis.	SJQ						No		G				AA CAS		STD		
2448946.300000	8.900000			Vis.	BIC						No		G				AA CAS		STD		
2448948.300000	8.400000			Vis.	SJZ						No		G				AA CAS		STD		
2448948.410000	9.000000			Vis.	PMR						No		G				AA CAS		STD		
2448950.250000	8.600000			Vis.	VED						No		G				AA CAS		STD		
2448954.300000	8.800000			Vis.	SJQ						No		G				AA CAS		STD		
2448954.400000	8.900000			Vis.	MZS						No		G				AA CAS		STD		
2448956.600000	8.000000			Vis.	ZT						No		G				AA CAS		STD		
2448957.500000	8.700000			Vis.	TPS						No		G				AA CAS		STD		
2448959.200000	8.100000			Vis.	SJZ						No		G				AA CAS		STD		
2448960.330000	8.600000			Vis.	VED						No		G				AA CAS		STD		
2448970.370000	8.900000			Vis.	PMR						No		G				AA CAS		STD		
2448973.200000	8.400000			Vis.	SJZ						No		G				AA CAS		STD		
2448973.350000	8.600000			Vis.	VED						No		G				AA CAS		STD		
2448976.290000	9.000000			Vis.	PMR						No		G				AA CAS		STD		
2448977.350000	8.700000			Vis.	BHS		NA		NA		No		P				AA CAS		STD		
2448980.280000	8.900000			Vis.	PMR						No		G				AA CAS		STD		
2448982.200000	8.300000			Vis.	SJZ						No		G				AA CAS		STD		
2448982.400000	8.400000			Vis.	TPS						No		G				AA CAS		STD		
2448983.260000	8.500000			Vis.	BHS		NA		NA		No		P				AA CAS		STD		
2448983.400000	8.800000			Vis.	MZS						No		G				AA CAS		STD		
2448984.600000	8.300000			Vis.	RRB						No		G				AA CAS		STD		
2448985.250000	8.400000			Vis.	VED						No		G				AA CAS		STD		
2448985.300000	8.600000			Vis.	PPS						No		G				AA CAS		STD		
2448986.180000	8.700000			Vis.	PMR						No		G				AA CAS		STD		
2448991.240000	8.700000			Vis.	GRL						No		G				AA CAS		STD		
2448992.220000	8.800000			Vis.	PMR						No		G				AA CAS		STD		
2448999.300000	8.800000			Vis.	GRL						No		G				AA CAS		STD		
2449000.370000	8.500000			Vis.	VED						No		G				AA CAS		STD		
2449002.200000	8.500000			Vis.	SJZ						No		G				AA CAS		STD		
2449002.300000	8.800000			Vis.	MZS						No		G				AA CAS		STD		
2449003.180000	8.600000			Vis.	PMR						No		G				AA CAS		STD		
2449003.300000	8.700000			Vis.	SJQ						No		G				AA CAS		STD		
2449005.300000	8.900000			Vis.	KOS						No		G				AA CAS		STD		
2449005.300000	8.600000			Vis.	SJQ						No		G				AA CAS		STD		
2449006.540000	8.600000			Vis.	GRL						No		G				AA CAS		STD		
2449006.600000	8.200000			Vis.	AAP						No		G				AA CAS		STD		
2449013.300000	8.800000			Vis.	MZS						No		G				AA CAS		STD		
2449014.550000	8.800000			Vis.	GRL						No		G				AA CAS		STD		
2449017.210000	8.600000			Vis.	PMR						No		G				AA CAS		STD		
2449018.200000	8.500000			Vis.	SJZ						No		G				AA CAS		STD		
2449020.580000	8.800000			Vis.	GRL						No		G				AA CAS		STD		
2449024.320000	9.000000			Vis.	PMR						No		G				AA CAS		STD		
2449025.650000	8.700000			Vis.	GRL						No		G				AA CAS		STD		
2449027.200000	8.600000			Vis.	SJZ						No		G				AA CAS		STD		
2449031.280000	8.500000			Vis.	VED						No		G				AA CAS		STD		
2449034.670000	8.700000			Vis.	GRL						No		G				AA CAS		STD		
2449038.330000	8.400000			Vis.	BHS		NA		NA		No		P				AA CAS		STD		
2449039.230000	9.000000			Vis.	PMR						No		G				AA CAS		STD		
2449040.320000	8.700000			Vis.	GRL						No		G				AA CAS		STD		
2449042.300000	8.300000			Vis.	VED						No		G				AA CAS		STD		
2449045.400000	8.700000			Vis.	FRF						No		G				AA CAS		STD		
2449047.290000	8.900000			Vis.	GRL						No		G				AA CAS		STD		
2449048.300000	8.800000			Vis.	PPS						No		G				AA CAS		STD		
2449055.330000	8.400000			Vis.	VED						No		G				AA CAS		STD		
2449056.510000	8.700000			Vis.	GRL						No		G				AA CAS		STD		
2449057.300000	8.700000			Vis.	SJQ						No		G				AA CAS		STD		
2449057.370000	8.400000			Vis.	BHS		NA		NA		No		P				AA CAS		STD		
2449060.300000	8.800000			Vis.	PMR						No		G				AA CAS		STD		
2449063.560000	8.600000			Vis.	GRL						No		G				AA CAS		STD		
2449066.360000	8.900000			Vis.	PMR						No		G				AA CAS		STD		
2449068.300000	8.800000			Vis.	SJQ						No		G				AA CAS		STD		
2449068.520000	8.600000			Vis.	GRL						No		G				AA CAS		STD		
2449071.300000	8.600000			Vis.	VED						No		G				AA CAS		STD		
2449072.390000	8.400000			Vis.	BHS		NA		NA		No		P				AA CAS		STD		
2449073.380000	9.000000			Vis.	PMR						No		G				AA CAS		STD		
2449075.580000	8.800000			Vis.	GRL						No		G				AA CAS		STD		
2449086.350000	8.600000			Vis.	BHS		NA		NA		No		P				AA CAS		STD		
2449090.370000	8.600000			Vis.	BHS		NA		NA		No		P				AA CAS		STD		
2449092.550000	8.800000			Vis.	GRL						No		G				AA CAS		STD		
2449097.420000	8.500000			Vis.	BHS		NA		NA		No		P				AA CAS		STD		
2449100.600000	8.500000			Vis.	SJZ						No		G				AA CAS		STD		
2449104.460000	8.800000			Vis.	GRL						No		G				AA CAS		STD		
2449104.500000	8.600000			Vis.	MZS						No		G				AA CAS		STD		
2449105.600000	8.500000			Vis.	KOS						No		G				AA CAS		STD		
2449116.470000	8.700000			Vis.	GRL						No		G				AA CAS		STD		
2449126.500000	8.500000			Vis.	SJZ						No		G				AA CAS		STD		
2449148.400000	8.400000			Vis.	MZS						No		G				AA CAS		STD		
2449157.500000	8.400000			Vis.	KOS						No		G				AA CAS		STD		
2449159.400000	8.600000			Vis.	KIL						No		G				AA CAS		STD		
2449171.400000	8.400000			Vis.	PPS						No		G				AA CAS		STD		
2449172.500000	8.300000			Vis.	VED						No		G				AA CAS		STD		
2449174.400000	8.400000			Vis.	BIC						No		G				AA CAS		STD		
2449178.500000	8.100000			Vis.	SJZ						No		G				AA CAS		STD		
2449179.400000	8.300000			Vis.	SJQ						No		G				AA CAS		STD		
2449181.400000	8.500000			Vis.	TTK						No		G				AA CAS		STD		
2449181.500000	8.600000			Vis.	JPE						No		G				AA CAS		STD		
2449181.500000	8.500000			Vis.	KIL						No		G				AA CAS		STD		
2449184.400000	8.500000			Vis.	PPS						No		G				AA CAS		STD		
2449186.400000	8.000000			Vis.	SJQ						No		G				AA CAS		STD		
2449192.400000	8.500000			Vis.	KIL						No		G				AA CAS		STD		
2449193.400000	8.300000			Vis.	KOS						No		G				AA CAS		STD		
2449193.400000	8.800000			Vis.	MZS						No		G				AA CAS		STD		
2449193.500000	8.200000			Vis.	SJZ						No		G				AA CAS		STD		
2449194.300000	8.400000			Vis.	PPS						No		G				AA CAS		STD		
2449195.410000	8.900000			Vis.	PMR						No		G				AA CAS		STD		
2449196.400000	8.400000			Vis.	SJQ						No		G				AA CAS		STD		
2449198.400000	8.400000			Vis.	KIL						No		G				AA CAS		STD		
2449200.460000	8.300000			Vis.	VED						No		G				AA CAS		STD		
2449202.380000	8.700000			Vis.	PMR						No		G				AA CAS		STD		
2449206.350000	8.700000			Vis.	PMR						No		G				AA CAS		STD		
2449206.400000	8.200000			Vis.	SJZ						No		G				AA CAS		STD		
2449207.400000	8.500000			Vis.	KIL						No		G				AA CAS		STD		
2449207.400000	8.700000			Vis.	SJQ						No		G				AA CAS		STD		
2449208.400000	8.300000			Vis.	BIC						No		G				AA CAS		STD		
2449208.420000	8.400000			Vis.	VED						No		G				AA CAS		STD		
2449213.400000	8.600000			Vis.	KIL						No		G				AA CAS		STD		
2449213.450000	8.400000			Vis.	BHS		NA		NA		No		P				AA CAS		STD		
2449214.350000	8.800000			Vis.	PMR						No		G				AA CAS		STD		
2449214.400000	8.600000			Vis.	PPS						No		G				AA CAS		STD		
2449215.400000	8.700000			Vis.	SJQ						No		G				AA CAS		STD		
2449215.400000	8.700000			Vis.	CSM						No		G				AA CAS		STD		
2449217.360000	8.300000			Vis.	VED						No		G				AA CAS		STD		
2449217.400000	8.400000			Vis.	SJZ						No		G				AA CAS		STD		
2449217.500000	8.400000			Vis.	BHS		NA		NA		No		P				AA CAS		STD		
2449218.400000	8.700000			Vis.	BIC						No		G				AA CAS		STD		
2449219.360000	8.800000			Vis.	PMR						No		G				AA CAS		STD		
2449220.400000	8.800000			Vis.	SJQ						No		G				AA CAS		STD		
2449220.500000	8.300000			Vis.	KOS						No		G				AA CAS		STD		
2449221.300000	8.700000			Vis.	KIL						No		G				AA CAS		STD		
2449221.370000	8.400000			Vis.	BHS		NA		NA		No		P				AA CAS		STD		
2449224.340000	9.000000			Vis.	PMR						No		G				AA CAS		STD		
2449228.420000	8.500000			Vis.	BHS		NA		NA		No		P				AA CAS		STD		
2449234.390000	8.500000			Vis.	BHS		NA		NA		No		P				AA CAS		STD		
2449237.300000	8.600000			Vis.	PPS						No		G				AA CAS		STD		
2449238.400000	8.300000			Vis.	SJZ						No		G				AA CAS		STD		
2449241.350000	8.100000			Vis.	MGE						No		G				AA CAS		STD		
2449244.400000	8.600000			Vis.	SJQ						No		G				AA CAS		STD		
2449247.400000	8.600000			Vis.	SJQ						No		G				AA CAS		STD		
2449248.300000	8.700000			Vis.	VED						No		G				AA CAS		STD		
2449249.300000	8.200000			Vis.	SJZ						No		G				AA CAS		STD		
2449249.460000	8.200000			Vis.	MGE						No		G				AA CAS		STD		
2449250.420000	8.600000			Vis.	GRL						No		G				AA CAS		STD		
2449251.400000	8.200000			Vis.	KOS						No		G				AA CAS		STD		
2449251.400000	8.400000			Vis.	SJQ						No		G				AA CAS		STD		
2449251.500000	8.600000			Vis.	CSM						No		G				AA CAS		STD		
2449253.300000	8.200000			Vis.	MZS						No		G				AA CAS		STD		
2449254.300000	8.200000			Vis.	SJZ						No		G				AA CAS		STD		
2449255.300000	8.500000			Vis.	PPS						No		G				AA CAS		STD		
2449255.400000	8.600000			Vis.	SJQ						No		G				AA CAS		STD		
2449257.350000	8.100000			Vis.	MGE						No		G				AA CAS		STD		
2449258.400000	8.400000			Vis.	VED						No		G				AA CAS		STD		
2449265.300000	8.000000			Vis.	SJZ						No		G				AA CAS		STD		
2449266.300000	8.600000			Vis.	PPS						No		G				AA CAS		STD		
2449269.410000	7.800000			Vis.	MGE						No		G				AA CAS		STD		
2449269.420000	8.400000			Vis.	VED						No		G				AA CAS		STD		
2449277.300000	8.600000			Vis.	PPS						No		G				AA CAS		STD		
2449277.640000	8.800000			Vis.	GRL						No		G				AA CAS		STD		
2449279.300000	8.200000			Vis.	SJZ						No		G				AA CAS		STD		
2449279.350000	8.100000			Vis.	MGE						No		G				AA CAS		STD		
2449281.370000	8.500000			Vis.	VED						No		G				AA CAS		STD		
2449284.980000	8.400000			Vis.	HIR						No		G				AA CAS		STD		
2449286.590000	8.700000			Vis.	GRL						No		G				AA CAS		STD		
2449289.350000	8.500000			Vis.	VED						No		G				AA CAS		STD		
2449294.300000	8.200000			Vis.	SJZ						No		G				AA CAS		STD		
2449296.350000	8.600000			Vis.	VED						No		G				AA CAS		STD		
2449301.300000	8.100000			Vis.	MGE						No		G				AA CAS		STD		
2449304.300000	8.200000			Vis.	SJZ						No		G				AA CAS		STD		
2449306.400000	8.600000			Vis.	VED						No		G				AA CAS		STD		
2449309.300000	9.000000			Vis.	BIC						No		G				AA CAS		STD		
2449310.300000	8.400000			Vis.	SJZ						No		G				AA CAS		STD		
2449313.300000	8.700000			Vis.	PPS						No		G				AA CAS		STD		
2449315.230000	8.600000			Vis.	VED						No		G				AA CAS		STD		
2449324.300000	8.700000			Vis.	PPS						No		G				AA CAS		STD		
2449326.590000	8.900000			Vis.	GRL						No		G				AA CAS		STD		
2449327.200000	8.300000			Vis.	SJZ						No		G				AA CAS		STD		
2449328.400000	8.300000			Vis.	MZS						No		G				AA CAS		STD		
2449330.060000	8.300000			Vis.	HIR						No		G				AA CAS		STD		
2449330.410000	8.600000			Vis.	MGE						No		G				AA CAS		STD		
2449333.340000	8.600000			Vis.	VED						No		G				AA CAS		STD		
2449333.350000	8.900000			Vis.	GRL						No		G				AA CAS		STD		
2449333.400000	8.700000			Vis.	KIL						No		G				AA CAS		STD		
2449333.510000	8.500000			Vis.	BHS		NA		NA		No		P				AA CAS		STD		
2449334.300000	8.800000			Vis.	PPS						No		G				AA CAS		STD		
2449339.200000	8.400000			Vis.	SJZ						No		G				AA CAS		STD		
2449344.250000	8.700000			Vis.	MGE						No		G				AA CAS		STD		
2449346.590000	8.900000			Vis.	GRL						No		G				AA CAS		STD		
2449348.230000	8.700000			Vis.	VED						No		G				AA CAS		STD		
2449353.300000	8.600000			Vis.	SJZ						No		G				AA CAS		STD		
2449356.410000	8.500000			Vis.	VED						No		G				AA CAS		STD		
2449357.340000	8.800000			Vis.	GRL						No		G				AA CAS		STD		
2449360.300000	8.700000			Vis.	SJQ						No		G				AA CAS		STD		
2449360.300000	8.200000			Vis.	MZS						No		G				AA CAS		STD		
2449361.440000	8.800000			Vis.	PMR						No		G				AA CAS		STD		
2449362.000000	8.300000			Vis.	HIR						No		G				AA CAS		STD		
2449362.250000	8.800000			Vis.	GRL						No		G				AA CAS		STD		
2449362.300000	8.500000			Vis.	SJZ						No		G				AA CAS		STD		
2449364.010000	8.300000			Vis.	HIR						No		G				AA CAS		STD		
2449365.300000	8.700000			Vis.	PPS						No		G				AA CAS		STD		
2449367.200000	8.700000			Vis.	FFC						No		G				AA CAS		STD		
2449367.200000	8.500000			Vis.	SJZ						No		G				AA CAS		STD		
2449367.430000	8.500000			Vis.	VED						No		G				AA CAS		STD		
2449368.260000	8.800000			Vis.	GRL						No		G				AA CAS		STD		
2449368.300000	8.700000			Vis.	KIL						No		G				AA CAS		STD		
2449368.330000	8.500000			Vis.	BHS		NA		NA		No		P				AA CAS		STD		
2449371.500000	7.900000			Vis.	TPS						No		G				AA CAS		STD		
2449375.260000	8.900000			Vis.	PMR						No		G				AA CAS		STD		
2449375.300000	8.600000			Vis.	PPS						No		G				AA CAS		STD		
2449378.300000	8.500000			Vis.	SJZ						No		G				AA CAS		STD		
2449379.240000	8.600000			Vis.	VED						No		G				AA CAS		STD		
2449379.950000	8.600000			Vis.	HIR						No		G				AA CAS		STD		
2449381.240000	8.900000			Vis.	PMR						No		G				AA CAS		STD		
2449382.200000	8.700000			Vis.	KIL						No		G				AA CAS		STD		
2449384.300000	9.000000			Vis.	MZS						No		G				AA CAS		STD		
2449384.300000	8.700000			Vis.	SJQ						No		G				AA CAS		STD		
2449386.200000	8.700000			Vis.	SJZ						No		G				AA CAS		STD		
2449387.300000	8.700000			Vis.	PPS						No		G				AA CAS		STD		
2449387.510000	8.900000			Vis.	GRL						No		G				AA CAS		STD		
2449390.340000	8.600000			Vis.	VED						No		G				AA CAS		STD		
2449393.300000	8.500000			Vis.	SJZ						No		G				AA CAS		STD		
2449393.970000	8.300000			Vis.	HIR						No		G				AA CAS		STD		
2449395.320000	8.900000			Vis.	PMR						No		G				AA CAS		STD		
2449397.570000	8.800000			Vis.	GRL						No		G				AA CAS		STD		
2449398.300000	8.600000			Vis.	SJQ						No		G				AA CAS		STD		
2449398.300000	8.800000			Vis.	PPS						No		G				AA CAS		STD		
2449398.340000	8.400000			Vis.	BHS		NA		NA		No		P				AA CAS		STD		
2449400.260000	8.300000			Vis.	VED						No		G				AA CAS		STD		
2449400.400000	8.600000			Vis.	SJZ						No		G				AA CAS		STD		
2449400.980000	8.400000			Vis.	HIR						No		G				AA CAS		STD		
2449403.540000	8.800000			Vis.	GRL						No		G				AA CAS		STD		
2449409.250000	8.900000			Vis.	PMR						No		G				AA CAS		STD		
2449409.560000	8.700000			Vis.	GRL						No		G				AA CAS		STD		
2449411.300000	8.600000			Vis.	KIL						No		G				AA CAS		STD		
2449411.300000	8.700000			Vis.	SJQ						No		G				AA CAS		STD		
2449414.300000	8.500000			Vis.	PPS						No		G				AA CAS		STD		
2449414.350000	8.300000			Vis.	VED						No		G				AA CAS		STD		
2449415.326300	8.800000			Vis.	MZS						No		G				AA CAS		STD		
2449416.340000	8.500000			Vis.	LVA						No		G				AA CAS		STD		
2449421.300000	8.500000			Vis.	SJZ						No		G				AA CAS		STD		
2449421.330000	8.300000			Vis.	VED						No		G				AA CAS		STD		
2449422.300000	8.600000			Vis.	SJQ						No		G				AA CAS		STD		
2449423.300000	8.600000			Vis.	PPS						No		G				AA CAS		STD		
2449424.300000	8.500000			Vis.	KIL						No		G				AA CAS		STD		
2449427.200000	8.400000			Vis.	MGE						No		G				AA CAS		STD		
2449429.337500	8.200000			Vis.	MZS						No		G				AA CAS		STD		
2449429.540000	8.900000			Vis.	GRL						No		G				AA CAS		STD		
2449432.350000	8.400000			Vis.	LVA						No		G				AA CAS		STD		
2449439.330000	8.500000			Vis.	LVA						No		G				AA CAS		STD		
2449443.310000	9.000000			Vis.	PMR						No		G				AA CAS		STD		
2449447.300000	8.600000			Vis.	KOC						No		G				AA CAS		STD		
2449449.310000	8.900000			Vis.	PMR						No		G				AA CAS		STD		
2449450.300000	8.700000			Vis.	KOC						No		G				AA CAS		STD		
2449450.430000	8.600000			Vis.	LVA						No		G				AA CAS		STD		
2449450.530000	8.800000			Vis.	GRL						No		G				AA CAS		STD		
2449464.600000	8.500000			Vis.	SJZ						No		G				AA CAS		STD		
2449477.337000	8.500000			Vis.	MZS						No		G				AA CAS		STD		
2449478.540000	8.700000			Vis.	GRL						No		G				AA CAS		STD		
2449479.600000	8.600000			Vis.	SJZ						No		G				AA CAS		STD		
2449486.441000	8.300000			Vis.	MZS						No		G				AA CAS		STD		
2449490.500000	8.500000			Vis.	SJZ						No		G				AA CAS		STD		
2449490.520000	8.800000			Vis.	GRL						No		G				AA CAS		STD		
2449499.490000	8.700000			Vis.	GRL						No		G				AA CAS		STD		
